✓ All clients ready.
  RunPod : https://lsvcfnwpehfv1m-11434.proxy.runpod.net/
  Model  : qwen2.5:14b-instruct-q8_0
  GCP    : data-enclave-dev-488920

Found 2 application(s): application-001, application-002

============================================================
APPLICATION: application-001  (1/2)
============================================================

[application-001] STEP 1: Naming

[application-001] Found 3 file(s), classifying:
  AH Path O1A USCIS Forms.pdf  →  petition.pdf
  AHussain_O-1_I797A_Approval_Notice.pdf  →  decision.pdf
  AHUSSAIN_O1A_Petition_Full - CONFIDENTIAL.pdf  →  evidence_other_1.pdf

[application-001] STEP 2: Parsing

[application-001] Parsing documents:
  decision             → 2 pages, 7,016 chars
  evidence_other_1     → 326 pages, 643,688 chars
  petition             → 28 pages, 216,713 chars

✓ application-001 prepared — naming 12s, parsing 16s

============================================================
APPLICATION: application-002  (2/2)
============================================================

[application-002] STEP 1: Naming

[application-002] Found 4 file(s), classifying:
  Denial Notice.pdf  →  decision.pdf
  Final NIW Filing.pdf  →  petition.pdf
  FULL O-1A Filing - Balasubramani, Soundarya (1).pdf  →  petition_2.pdf
  RFE.pdf  →  rfe.pdf

[application-002] STEP 2: Parsing

[application-002] Parsing documents:
  decision             → 12 pages, 38,475 chars
  petition             → 541 pages, 1,053,110 chars
  petition_2           → 723 pages, 1,127,412 chars
  rfe                  → 20 pages, 58,893 chars

✓ application-002 prepared — naming 33s, parsing 1m 36s

============================================================
STEP 3: Pipeline — running on all 2 application(s)
============================================================

RUN ID: 20260420_113150
============================================================

APPLICATION: application-001
------------------------------------------------------------

=== PROCESSING PETITION ===
[petition] Page 1 → sending...
[petition] Page 1 done (5.6s)
[petition] Page 1 → Found: ['premium_processing', 'employer_sponsored', 'self_petition']
[petition] Page 2 → sending...
[petition] Page 2 done (6.1s)
[petition] Page 2 → Found: ['petition_type', 'premium_processing', 'employer_sponsored', 'self_petition']
[petition] Page 3 → sending...
[petition] Page 3 done (12.0s)
[petition] Page 3 → Found: ['premium_processing', 'employer_sponsored', 'self_petition', 'beneficiary_country_of_birth', 'beneficiary_country_of_citizenship']
[petition] Page 4 → sending...
[petition] Page 4 done (8.4s)
[petition] Page 4 → Found: ['premium_processing', 'employer_sponsored', 'self_petition', 'beneficiary_industry']
[petition] Page 5 → sending...
[petition] Page 5 done (10.0s)
[petition] Page 5 → Found: ['premium_processing', 'employer_sponsored', 'self_petition', 'beneficiary_industry']
[petition] Page 6 → sending...
[petition] Page 6 done (5.3s)
[petition] Page 6 → Found: ['premium_processing', 'employer_sponsored', 'self_petition']
[petition] Page 7 → sending...
[petition] Page 7 done (5.1s)
[petition] Page 7 → Found: ['premium_processing', 'employer_sponsored', 'self_petition']
[petition] Page 8 → sending...
[petition] Page 8 done (12.5s)
[petition] Page 8 → Found: ['premium_processing', 'employer_sponsored', 'self_petition']
[petition] Page 9 → sending...
[petition] Page 9 done (6.1s)
[petition] Page 9 → Found: ['petition_type', 'premium_processing', 'employer_sponsored', 'self_petition', 'beneficiary_industry']
[petition] Page 10 → sending...
[petition] Page 10 done (10.0s)
[petition] Page 10 → Found: ['premium_processing', 'employer_sponsored', 'self_petition']
[petition] Page 11 → sending...
[petition] Page 11 done (4.7s)
[petition] Page 11 → Found: ['premium_processing', 'self_petition']
[petition] Page 12 → sending...
[petition] Page 12 done (4.9s)
[petition] Page 12 → Found: ['premium_processing']
[petition] Page 13 → sending...
[petition] Page 13 done (5.3s)
[petition] Page 13 → Found: ['petition_type', 'premium_processing', 'employer_sponsored', 'self_petition']
[petition] Page 14 → sending...
[petition] Page 14 done (5.1s)
[petition] Page 14 → Found: ['premium_processing', 'employer_sponsored', 'self_petition']
[petition] Page 15 → sending...
[petition] Page 15 done (5.2s)
[petition] Page 15 → Found: ['premium_processing']
[petition] Page 16 → sending...
[petition] Page 16 done (8.4s)
[petition] Page 16 → Found: ['premium_processing']
[petition] Page 17 → sending...
[petition] Page 17 done (4.3s)
[petition] Page 17 → Found: ['premium_processing']
[petition] Page 18 → sending...
[petition] Page 18 done (9.8s)
[petition] Page 18 → Found: ['premium_processing']
[petition] Page 19 → sending...
[petition] Page 19 done (7.6s)
[petition] Page 19 → Found: ['premium_processing']
[petition] Page 20 → sending...
[petition] Page 20 done (8.9s)
[petition] Page 20 → Found: ['premium_processing']
[petition] Page 21 → sending...
[petition] Page 21 done (4.6s)
[petition] Page 21 → Found: ['premium_processing']
[petition] Page 22 → sending...
[petition] Page 22 done (10.2s)
[petition] Page 22 → Found: ['premium_processing']
[petition] Page 23 → sending...
[petition] Page 23 done (5.1s)
[petition] Page 23 → Found: ['premium_processing']
[petition] Page 24 → sending...
[petition] Page 24 done (4.7s)
[petition] Page 24 → Found: ['premium_processing']
[petition] Page 25 → sending...
[petition] Page 25 done (8.3s)
[petition] Page 25 → Found: ['premium_processing']
[petition] Page 26 → sending...
[petition] Page 26 done (5.4s)
[petition] Page 26 → Found: ['premium_processing']
[petition] Page 27 → sending...
[petition] Page 27 done (4.6s)
[petition] Page 27 → Found: ['premium_processing']
[petition] Page 28 → sending...
[petition] Page 28 done (9.4s)
[petition] Page 28 → Found: ['premium_processing']

PETITION RESULT:
{
  "premium_processing": "Unknown",
  "employer_sponsored": true,
  "self_petition": false,
  "petition_type": "O-1A",
  "beneficiary_country_of_birth": "United Kingdom",
  "beneficiary_country_of_citizenship": "United Kingdom",
  "beneficiary_industry": "Tech"
}

=== PROCESSING DECISION ===
[decision] Page 1 → sending...
[decision] Page 1 done (4.6s)
[decision] Page 1 → Found: ['decision_date', 'final_outcome', 'rfe_issued', 'noid_issued', 'basis_for_approval', 'discretion_applied']
[decision] Page 2 → sending...
[decision] Page 2 done (3.7s)
[decision] Page 2 → Found: ['decision_date', 'final_outcome', 'rfe_issued', 'noid_issued', 'discretion_applied']

DECISION RESULT:
{
  "decision_date": "10/27/2022",
  "final_outcome": "Approved",
  "rfe_issued": false,
  "noid_issued": false,
  "basis_for_approval": "The above petition and accompanying request for a change of status have been approved.",
  "discretion_applied": false
}

=== PROCESSING EVIDENCE ===
[evidence] Page 1 → sending...
[evidence] Page 1 done (2.6s)
[evidence] Page 1 → Found: ['rfe_linked_to_evidence_issue', 'noid_linked_to_evidence_issue']
[evidence] Page 2 → sending...
[evidence] Page 2 done (2.2s)
[evidence] Page 2 → Found: ['basis_for_application', 'rfe_linked_to_evidence_issue', 'noid_linked_to_evidence_issue']
[evidence] Page 3 → sending...
[evidence] Page 3 done (2.4s)
[evidence] Page 3 → Found: ['basis_for_application', 'rfe_linked_to_evidence_issue', 'noid_linked_to_evidence_issue']
[evidence] Page 4 → sending...
[evidence] Page 4 done (2.3s)
[evidence] Page 4 → Found: ['basis_for_application', 'rfe_linked_to_evidence_issue', 'noid_linked_to_evidence_issue']
[evidence] Page 5 → sending...
[evidence] Page 5 done (2.0s)
[evidence] Page 5 → Found: ['basis_for_application', 'rfe_linked_to_evidence_issue', 'noid_linked_to_evidence_issue']
[evidence] Page 6 → sending...
[evidence] Page 6 done (2.3s)
[evidence] Page 6 → Found: ['basis_for_application', 'rfe_linked_to_evidence_issue', 'noid_linked_to_evidence_issue']
[evidence] Page 7 → sending...
[evidence] Page 7 done (2.2s)
[evidence] Page 7 → Found: ['basis_for_application', 'rfe_linked_to_evidence_issue', 'noid_linked_to_evidence_issue']
[evidence] Page 8 → sending...
[evidence] Page 8 done (2.2s)
[evidence] Page 8 → Found: ['basis_for_application', 'rfe_linked_to_evidence_issue', 'noid_linked_to_evidence_issue']
[evidence] Page 9 → sending...
[evidence] Page 9 done (2.4s)
[evidence] Page 9 → Found: ['basis_for_application', 'rfe_linked_to_evidence_issue', 'noid_linked_to_evidence_issue']
[evidence] Page 10 → sending...
[evidence] Page 10 done (2.5s)
[evidence] Page 10 → Found: ['basis_for_application', 'rfe_linked_to_evidence_issue', 'noid_linked_to_evidence_issue']
[evidence] Page 11 → sending...
[evidence] Page 11 done (2.4s)
[evidence] Page 11 → Found: ['basis_for_application', 'rfe_linked_to_evidence_issue', 'noid_linked_to_evidence_issue']
[evidence] Page 12 → sending...
[evidence] Page 12 done (2.1s)
[evidence] Page 12 → Found: ['rfe_linked_to_evidence_issue', 'noid_linked_to_evidence_issue']
[evidence] Page 13 → sending...
[evidence] Page 13 done (2.6s)
[evidence] Page 13 → Found: ['included_publications', 'cell_cited', 'basis_for_application', 'rfe_linked_to_evidence_issue', 'noid_linked_to_evidence_issue']
[evidence] Page 14 → sending...
[evidence] Page 14 done (2.2s)
[evidence] Page 14 → Found: ['basis_for_application', 'rfe_linked_to_evidence_issue', 'noid_linked_to_evidence_issue']
[evidence] Page 15 → sending...
[evidence] Page 15 done (2.4s)
[evidence] Page 15 → Found: ['basis_for_application', 'rfe_linked_to_evidence_issue', 'noid_linked_to_evidence_issue']
[evidence] Page 16 → sending...
[evidence] Page 16 done (2.2s)
[evidence] Page 16 → Found: ['basis_for_application', 'rfe_linked_to_evidence_issue', 'noid_linked_to_evidence_issue']
[evidence] Page 17 → sending...
[evidence] Page 17 done (2.1s)
[evidence] Page 17 → Found: ['rfe_linked_to_evidence_issue', 'noid_linked_to_evidence_issue']
[evidence] Page 18 → sending...
[evidence] Page 18 done (2.4s)
[evidence] Page 18 → Found: ['basis_for_application', 'rfe_linked_to_evidence_issue', 'noid_linked_to_evidence_issue']
[evidence] Page 19 → sending...
[evidence] Page 19 done (2.4s)
[evidence] Page 19 → Found: ['basis_for_application', 'rfe_linked_to_evidence_issue', 'noid_linked_to_evidence_issue']
[evidence] Page 20 → sending...
[evidence] Page 20 done (2.5s)
[evidence] Page 20 → Found: ['included_publications', 'cell_cited', 'publication_type', 'basis_for_application', 'rfe_linked_to_evidence_issue', 'noid_linked_to_evidence_issue']
[evidence] Page 21 → sending...
[evidence] Page 21 done (2.1s)
[evidence] Page 21 → Found: ['rfe_linked_to_evidence_issue', 'noid_linked_to_evidence_issue']
[evidence] Page 22 → sending...
[evidence] Page 22 done (2.2s)
[evidence] Page 22 → Found: ['rfe_linked_to_evidence_issue', 'noid_linked_to_evidence_issue']
[evidence] Page 23 → sending...
[evidence] Page 23 done (2.3s)
[evidence] Page 23 → Found: ['basis_for_application', 'rfe_linked_to_evidence_issue', 'noid_linked_to_evidence_issue']
[evidence] Page 24 → sending...
[evidence] Page 24 done (2.1s)
[evidence] Page 24 → Found: ['basis_for_application', 'rfe_linked_to_evidence_issue', 'noid_linked_to_evidence_issue']
[evidence] Page 25 → sending...
[evidence] Page 25 done (2.3s)
[evidence] Page 25 → Found: ['rfe_linked_to_evidence_issue', 'noid_linked_to_evidence_issue']
[evidence] Page 26 → sending...
[evidence] Page 26 done (2.3s)
[evidence] Page 26 → Found: ['basis_for_application', 'rfe_linked_to_evidence_issue', 'noid_linked_to_evidence_issue']
[evidence] Page 27 → sending...
[evidence] Page 27 done (2.1s)
[evidence] Page 27 → Found: ['rfe_linked_to_evidence_issue', 'noid_linked_to_evidence_issue']
[evidence] Page 28 → sending...
[evidence] Page 28 done (2.0s)
[evidence] Page 28 → Found: ['rfe_linked_to_evidence_issue', 'noid_linked_to_evidence_issue']
[evidence] Page 29 → sending...
[evidence] Page 29 done (2.7s)
[evidence] Page 29 → Found: ['basis_for_application', 'rfe_linked_to_evidence_issue', 'noid_linked_to_evidence_issue']
[evidence] Page 30 → sending...
[evidence] Page 30 done (2.3s)
[evidence] Page 30 → Found: ['basis_for_application', 'rfe_linked_to_evidence_issue', 'noid_linked_to_evidence_issue']
[evidence] Page 31 → sending...
[evidence] Page 31 done (2.2s)
[evidence] Page 31 → Found: ['basis_for_application', 'rfe_linked_to_evidence_issue', 'noid_linked_to_evidence_issue']
[evidence] Page 32 → sending...
[evidence] Page 32 done (2.2s)
[evidence] Page 32 → Found: ['rfe_linked_to_evidence_issue', 'noid_linked_to_evidence_issue']
[evidence] Page 33 → sending...
[evidence] Page 33 done (2.4s)
[evidence] Page 33 → Found: ['rfe_linked_to_evidence_issue', 'noid_linked_to_evidence_issue']
[evidence] Page 34 → sending...
[evidence] Page 34 done (2.2s)
[evidence] Page 34 → Found: ['rfe_linked_to_evidence_issue', 'noid_linked_to_evidence_issue']
[evidence] Page 35 → sending...
[evidence] Page 35 done (2.4s)
[evidence] Page 35 → Found: ['basis_for_application', 'rfe_linked_to_evidence_issue', 'noid_linked_to_evidence_issue']
[evidence] Page 36 → sending...
[evidence] Page 36 done (2.3s)
[evidence] Page 36 → Found: ['basis_for_application', 'rfe_linked_to_evidence_issue', 'noid_linked_to_evidence_issue']
[evidence] Page 37 → sending...
[evidence] Page 37 done (2.1s)
[evidence] Page 37 → Found: ['rfe_linked_to_evidence_issue', 'noid_linked_to_evidence_issue']
[evidence] Page 38 → sending...
[evidence] Page 38 done (2.1s)
[evidence] Page 38 → Found: ['rfe_linked_to_evidence_issue', 'noid_linked_to_evidence_issue']
[evidence] Page 39 → sending...
[evidence] Page 39 done (2.2s)
[evidence] Page 39 → Found: ['rfe_linked_to_evidence_issue', 'noid_linked_to_evidence_issue']
[evidence] Page 40 → sending...
[evidence] Page 40 done (2.5s)
[evidence] Page 40 → Found: ['rfe_linked_to_evidence_issue', 'noid_linked_to_evidence_issue']
[evidence] Page 41 → sending...
[evidence] Page 41 done (2.1s)
[evidence] Page 41 → Found: ['rfe_linked_to_evidence_issue', 'noid_linked_to_evidence_issue']
[evidence] Page 42 → sending...
[evidence] Page 42 done (2.0s)
[evidence] Page 42 → Found: ['rfe_linked_to_evidence_issue', 'noid_linked_to_evidence_issue']
[evidence] Page 43 → sending...
[evidence] Page 43 done (2.1s)
[evidence] Page 43 → Found: ['rfe_linked_to_evidence_issue', 'noid_linked_to_evidence_issue']
[evidence] Page 44 → sending...
[evidence] Page 44 done (2.0s)
[evidence] Page 44 → Found: ['rfe_linked_to_evidence_issue', 'noid_linked_to_evidence_issue']
[evidence] Page 45 → sending...
[evidence] Page 45 done (2.0s)
[evidence] Page 45 → Found: ['rfe_linked_to_evidence_issue', 'noid_linked_to_evidence_issue']
[evidence] Page 46 → sending...
[evidence] Page 46 done (2.0s)
[evidence] Page 46 → Found: ['rfe_linked_to_evidence_issue', 'noid_linked_to_evidence_issue']
[evidence] Page 47 → sending...
[evidence] Page 47 done (2.0s)
[evidence] Page 47 → Found: ['rfe_linked_to_evidence_issue', 'noid_linked_to_evidence_issue']
[evidence] Page 48 → sending...
[evidence] Page 48 done (2.1s)
[evidence] Page 48 → Found: ['rfe_linked_to_evidence_issue', 'noid_linked_to_evidence_issue']
[evidence] Page 49 → sending...
[evidence] Page 49 done (2.1s)
[evidence] Page 49 → Found: ['rfe_linked_to_evidence_issue', 'noid_linked_to_evidence_issue']
[evidence] Page 50 → sending...
[evidence] Page 50 done (2.0s)
[evidence] Page 50 → Found: ['rfe_linked_to_evidence_issue', 'noid_linked_to_evidence_issue']
[evidence] Page 51 → sending...
[evidence] Page 51 done (2.1s)
[evidence] Page 51 → Found: ['rfe_linked_to_evidence_issue', 'noid_linked_to_evidence_issue']
[evidence] Page 52 → sending...
[evidence] Page 52 done (2.1s)
[evidence] Page 52 → Found: ['rfe_linked_to_evidence_issue', 'noid_linked_to_evidence_issue']
[evidence] Page 53 → sending...
[evidence] Page 53 done (2.0s)
[evidence] Page 53 → Found: ['rfe_linked_to_evidence_issue', 'noid_linked_to_evidence_issue']
[evidence] Page 54 → sending...
[evidence] Page 54 done (2.0s)
[evidence] Page 54 → Found: ['rfe_linked_to_evidence_issue', 'noid_linked_to_evidence_issue']
[evidence] Page 55 → sending...
[evidence] Page 55 done (2.1s)
[evidence] Page 55 → Found: ['rfe_linked_to_evidence_issue', 'noid_linked_to_evidence_issue']
[evidence] Page 56 → sending...
[evidence] Page 56 done (2.0s)
[evidence] Page 56 → Found: ['rfe_linked_to_evidence_issue', 'noid_linked_to_evidence_issue']
[evidence] Page 57 → sending...
[evidence] Page 57 done (2.1s)
[evidence] Page 57 → Found: ['rfe_linked_to_evidence_issue', 'noid_linked_to_evidence_issue']
[evidence] Page 58 → sending...
[evidence] Page 58 done (2.1s)
[evidence] Page 58 → Found: ['rfe_linked_to_evidence_issue', 'noid_linked_to_evidence_issue']
[evidence] Page 59 → sending...
[evidence] Page 59 done (2.0s)
[evidence] Page 59 → Found: ['rfe_linked_to_evidence_issue', 'noid_linked_to_evidence_issue']
[evidence] Page 60 → sending...
[evidence] Page 60 done (2.1s)
[evidence] Page 60 → Found: ['rfe_linked_to_evidence_issue', 'noid_linked_to_evidence_issue']
[evidence] Page 61 → sending...
[evidence] Page 61 done (2.1s)
[evidence] Page 61 → Found: ['rfe_linked_to_evidence_issue', 'noid_linked_to_evidence_issue']
[evidence] Page 62 → sending...
[evidence] Page 62 done (2.1s)
[evidence] Page 62 → Found: ['rfe_linked_to_evidence_issue', 'noid_linked_to_evidence_issue']
[evidence] Page 63 → sending...
[evidence] Page 63 done (2.0s)
[evidence] Page 63 → Found: ['rfe_linked_to_evidence_issue', 'noid_linked_to_evidence_issue']
[evidence] Page 64 → sending...
[evidence] Page 64 done (2.2s)
[evidence] Page 64 → Found: ['rfe_linked_to_evidence_issue', 'noid_linked_to_evidence_issue']
[evidence] Page 65 → sending...
[evidence] Page 65 done (2.1s)
[evidence] Page 65 → Found: ['rfe_linked_to_evidence_issue', 'noid_linked_to_evidence_issue']
[evidence] Page 66 → sending...
[evidence] Page 66 done (2.0s)
[evidence] Page 66 → Found: ['rfe_linked_to_evidence_issue', 'noid_linked_to_evidence_issue']
[evidence] Page 67 → sending...
[evidence] Page 67 done (2.1s)
[evidence] Page 67 → Found: ['rfe_linked_to_evidence_issue', 'noid_linked_to_evidence_issue']
[evidence] Page 68 → sending...
[evidence] Page 68 done (2.1s)
[evidence] Page 68 → Found: ['rfe_linked_to_evidence_issue', 'noid_linked_to_evidence_issue']
[evidence] Page 69 → sending...
[evidence] Page 69 done (2.1s)
[evidence] Page 69 → Found: ['basis_for_application', 'rfe_linked_to_evidence_issue', 'noid_linked_to_evidence_issue']
[evidence] Page 70 → sending...
[evidence] Page 70 done (2.2s)
[evidence] Page 70 → Found: ['rfe_linked_to_evidence_issue', 'noid_linked_to_evidence_issue']
[evidence] Page 71 → sending...
[evidence] Page 71 done (2.1s)
[evidence] Page 71 → Found: ['rfe_linked_to_evidence_issue', 'noid_linked_to_evidence_issue']
[evidence] Page 72 → sending...
[evidence] Page 72 done (2.0s)
[evidence] Page 72 → Found: ['rfe_linked_to_evidence_issue', 'noid_linked_to_evidence_issue']
[evidence] Page 73 → sending...
[evidence] Page 73 done (3.3s)
[evidence] Page 73 → Found: ['rfe_linked_to_evidence_issue', 'noid_linked_to_evidence_issue']
[evidence] Page 74 → sending...
[evidence] Page 74 done (3.2s)
[evidence] Page 74 → Found: ['rfe_linked_to_evidence_issue', 'noid_linked_to_evidence_issue']
[evidence] Page 75 → sending...
[evidence] Page 75 done (3.2s)
[evidence] Page 75 → Found: ['rfe_linked_to_evidence_issue', 'noid_linked_to_evidence_issue']
[evidence] Page 76 → sending...
[evidence] Page 76 done (3.3s)
[evidence] Page 76 → Found: ['rfe_linked_to_evidence_issue', 'noid_linked_to_evidence_issue']
[evidence] Page 77 → sending...
[evidence] Page 77 done (2.9s)
[evidence] Page 77 → Found: ['rfe_linked_to_evidence_issue', 'noid_linked_to_evidence_issue']
[evidence] Page 78 → sending...
[evidence] Page 78 done (2.1s)
[evidence] Page 78 → Found: ['rfe_linked_to_evidence_issue', 'noid_linked_to_evidence_issue']
[evidence] Page 79 → sending...
[evidence] Page 79 done (3.0s)
[evidence] Page 79 → Found: ['rfe_linked_to_evidence_issue', 'noid_linked_to_evidence_issue']
[evidence] Page 80 → sending...
[evidence] Page 80 done (3.1s)
[evidence] Page 80 → Found: ['rfe_linked_to_evidence_issue', 'noid_linked_to_evidence_issue']
[evidence] Page 81 → sending...
[evidence] Page 81 done (3.3s)
[evidence] Page 81 → Found: ['rfe_linked_to_evidence_issue', 'noid_linked_to_evidence_issue']
[evidence] Page 82 → sending...
[evidence] Page 82 done (3.3s)
[evidence] Page 82 → Found: ['rfe_linked_to_evidence_issue', 'noid_linked_to_evidence_issue']
[evidence] Page 83 → sending...
[evidence] Page 83 done (2.8s)
[evidence] Page 83 → Found: ['rfe_linked_to_evidence_issue', 'noid_linked_to_evidence_issue']
[evidence] Page 84 → sending...
[evidence] Page 84 done (2.1s)
[evidence] Page 84 → Found: ['rfe_linked_to_evidence_issue', 'noid_linked_to_evidence_issue']
[evidence] Page 85 → sending...
[evidence] Page 85 done (2.0s)
[evidence] Page 85 → Found: ['rfe_linked_to_evidence_issue', 'noid_linked_to_evidence_issue']
[evidence] Page 86 → sending...
[evidence] Page 86 done (2.2s)
[evidence] Page 86 → Found: ['basis_for_application', 'rfe_linked_to_evidence_issue', 'noid_linked_to_evidence_issue']
[evidence] Page 87 → sending...
[evidence] Page 87 done (2.3s)
[evidence] Page 87 → Found: ['basis_for_application', 'rfe_linked_to_evidence_issue', 'noid_linked_to_evidence_issue']
[evidence] Page 88 → sending...
[evidence] Page 88 done (2.1s)
[evidence] Page 88 → Found: ['rfe_linked_to_evidence_issue', 'noid_linked_to_evidence_issue']
[evidence] Page 89 → sending...
[evidence] Page 89 done (3.3s)
[evidence] Page 89 → Found: ['rfe_linked_to_evidence_issue', 'noid_linked_to_evidence_issue']
[evidence] Page 90 → sending...
[evidence] Page 90 done (3.3s)
[evidence] Page 90 → Found: ['rfe_linked_to_evidence_issue', 'noid_linked_to_evidence_issue']
[evidence] Page 91 → sending...
[evidence] Page 91 done (3.2s)
[evidence] Page 91 → Found: ['rfe_linked_to_evidence_issue', 'noid_linked_to_evidence_issue']
[evidence] Page 92 → sending...
[evidence] Page 92 done (3.4s)
[evidence] Page 92 → Found: ['rfe_linked_to_evidence_issue', 'noid_linked_to_evidence_issue']
[evidence] Page 93 → sending...
[evidence] Page 93 done (2.8s)
[evidence] Page 93 → Found: ['rfe_linked_to_evidence_issue', 'noid_linked_to_evidence_issue']
[evidence] Page 94 → sending...
[evidence] Page 94 done (2.2s)
[evidence] Page 94 → Found: ['rfe_linked_to_evidence_issue', 'noid_linked_to_evidence_issue']
[evidence] Page 95 → sending...
[evidence] Page 95 done (2.1s)
[evidence] Page 95 → Found: ['rfe_linked_to_evidence_issue', 'noid_linked_to_evidence_issue']
[evidence] Page 96 → sending...
[evidence] Page 96 done (2.2s)
[evidence] Page 96 → Found: ['basis_for_application', 'rfe_linked_to_evidence_issue', 'noid_linked_to_evidence_issue']
[evidence] Page 97 → sending...
[evidence] Page 97 done (2.2s)
[evidence] Page 97 → Found: ['basis_for_application', 'rfe_linked_to_evidence_issue', 'noid_linked_to_evidence_issue']
[evidence] Page 98 → sending...
[evidence] Page 98 done (2.1s)
[evidence] Page 98 → Found: ['rfe_linked_to_evidence_issue', 'noid_linked_to_evidence_issue']
[evidence] Page 99 → sending...
[evidence] Page 99 done (3.4s)
[evidence] Page 99 → Found: ['rfe_linked_to_evidence_issue', 'noid_linked_to_evidence_issue']
[evidence] Page 100 → sending...
[evidence] Page 100 done (3.2s)
[evidence] Page 100 → Found: ['rfe_linked_to_evidence_issue', 'noid_linked_to_evidence_issue']
[evidence] Page 101 → sending...
[evidence] Page 101 done (3.3s)
[evidence] Page 101 → Found: ['rfe_linked_to_evidence_issue', 'noid_linked_to_evidence_issue']
[evidence] Page 102 → sending...
[evidence] Page 102 done (3.2s)
[evidence] Page 102 → Found: ['rfe_linked_to_evidence_issue', 'noid_linked_to_evidence_issue']
[evidence] Page 103 → sending...
[evidence] Page 103 done (2.7s)
[evidence] Page 103 → Found: ['rfe_linked_to_evidence_issue', 'noid_linked_to_evidence_issue']
[evidence] Page 104 → sending...
[evidence] Page 104 done (2.2s)
[evidence] Page 104 → Found: ['rfe_linked_to_evidence_issue', 'noid_linked_to_evidence_issue']
[evidence] Page 105 → sending...
[evidence] Page 105 done (3.2s)
[evidence] Page 105 → Found: ['rfe_linked_to_evidence_issue', 'noid_linked_to_evidence_issue']
[evidence] Page 106 → sending...
[evidence] Page 106 done (3.3s)
[evidence] Page 106 → Found: ['rfe_linked_to_evidence_issue', 'noid_linked_to_evidence_issue']
[evidence] Page 107 → sending...
[evidence] Page 107 done (3.2s)
[evidence] Page 107 → Found: ['rfe_linked_to_evidence_issue', 'noid_linked_to_evidence_issue']
[evidence] Page 108 → sending...
[evidence] Page 108 done (3.4s)
[evidence] Page 108 → Found: ['rfe_linked_to_evidence_issue', 'noid_linked_to_evidence_issue']
[evidence] Page 109 → sending...
[evidence] Page 109 done (2.8s)
[evidence] Page 109 → Found: ['rfe_linked_to_evidence_issue', 'noid_linked_to_evidence_issue']
[evidence] Page 110 → sending...
[evidence] Page 110 done (2.2s)
[evidence] Page 110 → Found: ['rfe_linked_to_evidence_issue', 'noid_linked_to_evidence_issue']
[evidence] Page 111 → sending...
[evidence] Page 111 done (3.2s)
[evidence] Page 111 → Found: ['rfe_linked_to_evidence_issue', 'noid_linked_to_evidence_issue']
[evidence] Page 112 → sending...
[evidence] Page 112 done (3.3s)
[evidence] Page 112 → Found: ['rfe_linked_to_evidence_issue', 'noid_linked_to_evidence_issue']
[evidence] Page 113 → sending...
[evidence] Page 113 done (3.2s)
[evidence] Page 113 → Found: ['rfe_linked_to_evidence_issue', 'noid_linked_to_evidence_issue']
[evidence] Page 114 → sending...
[evidence] Page 114 done (3.4s)
[evidence] Page 114 → Found: ['rfe_linked_to_evidence_issue', 'noid_linked_to_evidence_issue']
[evidence] Page 115 → sending...
[evidence] Page 115 done (2.8s)
[evidence] Page 115 → Found: ['rfe_linked_to_evidence_issue', 'noid_linked_to_evidence_issue']
[evidence] Page 116 → sending...
[evidence] Page 116 done (2.3s)
[evidence] Page 116 → Found: ['rfe_linked_to_evidence_issue', 'noid_linked_to_evidence_issue']
[evidence] Page 117 → sending...
[evidence] Page 117 done (3.2s)
[evidence] Page 117 → Found: ['rfe_linked_to_evidence_issue', 'noid_linked_to_evidence_issue']
[evidence] Page 118 → sending...
[evidence] Page 118 done (3.3s)
[evidence] Page 118 → Found: ['rfe_linked_to_evidence_issue', 'noid_linked_to_evidence_issue']
[evidence] Page 119 → sending...
[evidence] Page 119 done (3.2s)
[evidence] Page 119 → Found: ['rfe_linked_to_evidence_issue', 'noid_linked_to_evidence_issue']
[evidence] Page 120 → sending...
[evidence] Page 120 done (3.3s)
[evidence] Page 120 → Found: ['rfe_linked_to_evidence_issue', 'noid_linked_to_evidence_issue']
[evidence] Page 121 → sending...
[evidence] Page 121 done (2.8s)
[evidence] Page 121 → Found: ['rfe_linked_to_evidence_issue', 'noid_linked_to_evidence_issue']
[evidence] Page 122 → sending...
[evidence] Page 122 done (2.2s)
[evidence] Page 122 → Found: ['rfe_linked_to_evidence_issue', 'noid_linked_to_evidence_issue']
[evidence] Page 123 → sending...
[evidence] Page 123 done (3.3s)
[evidence] Page 123 → Found: ['rfe_linked_to_evidence_issue', 'noid_linked_to_evidence_issue']
[evidence] Page 124 → sending...
[evidence] Page 124 done (3.3s)
[evidence] Page 124 → Found: ['rfe_linked_to_evidence_issue', 'noid_linked_to_evidence_issue']
[evidence] Page 125 → sending...
[evidence] Page 125 done (3.3s)
[evidence] Page 125 → Found: ['rfe_linked_to_evidence_issue', 'noid_linked_to_evidence_issue']
[evidence] Page 126 → sending...
[evidence] Page 126 done (3.4s)
[evidence] Page 126 → Found: ['rfe_linked_to_evidence_issue', 'noid_linked_to_evidence_issue']
[evidence] Page 127 → sending...
[evidence] Page 127 done (2.7s)
[evidence] Page 127 → Found: ['rfe_linked_to_evidence_issue', 'noid_linked_to_evidence_issue']
[evidence] Page 128 → sending...
[evidence] Page 128 done (2.1s)
[evidence] Page 128 → Found: ['rfe_linked_to_evidence_issue', 'noid_linked_to_evidence_issue']
[evidence] Page 129 → sending...
[evidence] Page 129 done (3.2s)
[evidence] Page 129 → Found: ['rfe_linked_to_evidence_issue', 'noid_linked_to_evidence_issue']
[evidence] Page 130 → sending...
[evidence] Page 130 done (3.2s)
[evidence] Page 130 → Found: ['rfe_linked_to_evidence_issue', 'noid_linked_to_evidence_issue']
[evidence] Page 131 → sending...
[evidence] Page 131 done (3.3s)
[evidence] Page 131 → Found: ['rfe_linked_to_evidence_issue', 'noid_linked_to_evidence_issue']
[evidence] Page 132 → sending...
[evidence] Page 132 done (3.4s)
[evidence] Page 132 → Found: ['rfe_linked_to_evidence_issue', 'noid_linked_to_evidence_issue']
[evidence] Page 133 → sending...
[evidence] Page 133 done (2.7s)
[evidence] Page 133 → Found: ['rfe_linked_to_evidence_issue', 'noid_linked_to_evidence_issue']
[evidence] Page 134 → sending...
[evidence] Page 134 done (2.2s)
[evidence] Page 134 → Found: ['rfe_linked_to_evidence_issue', 'noid_linked_to_evidence_issue']
[evidence] Page 135 → sending...
[evidence] Page 135 done (3.2s)
[evidence] Page 135 → Found: ['rfe_linked_to_evidence_issue', 'noid_linked_to_evidence_issue']
[evidence] Page 136 → sending...
[evidence] Page 136 done (3.3s)
[evidence] Page 136 → Found: ['rfe_linked_to_evidence_issue', 'noid_linked_to_evidence_issue']
[evidence] Page 137 → sending...
[evidence] Page 137 done (3.1s)
[evidence] Page 137 → Found: ['rfe_linked_to_evidence_issue', 'noid_linked_to_evidence_issue']
[evidence] Page 138 → sending...
[evidence] Page 138 done (3.2s)
[evidence] Page 138 → Found: ['rfe_linked_to_evidence_issue', 'noid_linked_to_evidence_issue']
[evidence] Page 139 → sending...
[evidence] Page 139 done (2.8s)
[evidence] Page 139 → Found: ['rfe_linked_to_evidence_issue', 'noid_linked_to_evidence_issue']
[evidence] Page 140 → sending...
[evidence] Page 140 done (2.1s)
[evidence] Page 140 → Found: ['rfe_linked_to_evidence_issue', 'noid_linked_to_evidence_issue']
[evidence] Page 141 → sending...
[evidence] Page 141 done (3.2s)
[evidence] Page 141 → Found: ['rfe_linked_to_evidence_issue', 'noid_linked_to_evidence_issue']
[evidence] Page 142 → sending...
[evidence] Page 142 done (3.3s)
[evidence] Page 142 → Found: ['rfe_linked_to_evidence_issue', 'noid_linked_to_evidence_issue']
[evidence] Page 143 → sending...
[evidence] Page 143 done (3.3s)
[evidence] Page 143 → Found: ['rfe_linked_to_evidence_issue', 'noid_linked_to_evidence_issue']
[evidence] Page 144 → sending...
[evidence] Page 144 done (3.3s)
[evidence] Page 144 → Found: ['rfe_linked_to_evidence_issue', 'noid_linked_to_evidence_issue']
[evidence] Page 145 → sending...
[evidence] Page 145 done (2.7s)
[evidence] Page 145 → Found: ['rfe_linked_to_evidence_issue', 'noid_linked_to_evidence_issue']
[evidence] Page 146 → sending...
[evidence] Page 146 done (2.2s)
[evidence] Page 146 → Found: ['rfe_linked_to_evidence_issue', 'noid_linked_to_evidence_issue']
[evidence] Page 147 → sending...
[evidence] Page 147 done (3.2s)
[evidence] Page 147 → Found: ['rfe_linked_to_evidence_issue', 'noid_linked_to_evidence_issue']
[evidence] Page 148 → sending...
[evidence] Page 148 done (3.2s)
[evidence] Page 148 → Found: ['rfe_linked_to_evidence_issue', 'noid_linked_to_evidence_issue']
[evidence] Page 149 → sending...
[evidence] Page 149 done (3.3s)
[evidence] Page 149 → Found: ['rfe_linked_to_evidence_issue', 'noid_linked_to_evidence_issue']
[evidence] Page 150 → sending...
[evidence] Page 150 done (3.4s)
[evidence] Page 150 → Found: ['rfe_linked_to_evidence_issue', 'noid_linked_to_evidence_issue']
[evidence] Page 151 → sending...
[evidence] Page 151 done (2.8s)
[evidence] Page 151 → Found: ['rfe_linked_to_evidence_issue', 'noid_linked_to_evidence_issue']
[evidence] Page 152 → sending...
[evidence] Page 152 done (2.4s)
[evidence] Page 152 → Found: ['rfe_linked_to_evidence_issue', 'noid_linked_to_evidence_issue']
[evidence] Page 153 → sending...
[evidence] Page 153 done (3.2s)
[evidence] Page 153 → Found: ['rfe_linked_to_evidence_issue', 'noid_linked_to_evidence_issue']
[evidence] Page 154 → sending...
[evidence] Page 154 done (3.3s)
[evidence] Page 154 → Found: ['rfe_linked_to_evidence_issue', 'noid_linked_to_evidence_issue']
[evidence] Page 155 → sending...
[evidence] Page 155 done (3.2s)
[evidence] Page 155 → Found: ['rfe_linked_to_evidence_issue', 'noid_linked_to_evidence_issue']
[evidence] Page 156 → sending...
[evidence] Page 156 done (3.2s)
[evidence] Page 156 → Found: ['rfe_linked_to_evidence_issue', 'noid_linked_to_evidence_issue']
[evidence] Page 157 → sending...
[evidence] Page 157 done (2.7s)
[evidence] Page 157 → Found: ['rfe_linked_to_evidence_issue', 'noid_linked_to_evidence_issue']
[evidence] Page 158 → sending...
[evidence] Page 158 done (2.3s)
[evidence] Page 158 → Found: ['rfe_linked_to_evidence_issue', 'noid_linked_to_evidence_issue']
[evidence] Page 159 → sending...
[evidence] Page 159 done (3.3s)
[evidence] Page 159 → Found: ['rfe_linked_to_evidence_issue', 'noid_linked_to_evidence_issue']
[evidence] Page 160 → sending...
[evidence] Page 160 done (3.3s)
[evidence] Page 160 → Found: ['rfe_linked_to_evidence_issue', 'noid_linked_to_evidence_issue']
[evidence] Page 161 → sending...
[evidence] Page 161 done (3.2s)
[evidence] Page 161 → Found: ['rfe_linked_to_evidence_issue', 'noid_linked_to_evidence_issue']
[evidence] Page 162 → sending...
[evidence] Page 162 done (3.5s)
[evidence] Page 162 → Found: ['rfe_linked_to_evidence_issue', 'noid_linked_to_evidence_issue']
[evidence] Page 163 → sending...
[evidence] Page 163 done (2.8s)
[evidence] Page 163 → Found: ['rfe_linked_to_evidence_issue', 'noid_linked_to_evidence_issue']
[evidence] Page 164 → sending...
[evidence] Page 164 done (2.3s)
[evidence] Page 164 → Found: ['rfe_linked_to_evidence_issue', 'noid_linked_to_evidence_issue']
[evidence] Page 165 → sending...
[evidence] Page 165 done (2.1s)
[evidence] Page 165 → Found: ['rfe_linked_to_evidence_issue', 'noid_linked_to_evidence_issue']
[evidence] Page 166 → sending...
[evidence] Page 166 done (2.2s)
[evidence] Page 166 → Found: ['basis_for_application', 'rfe_linked_to_evidence_issue', 'noid_linked_to_evidence_issue']
[evidence] Page 167 → sending...
[evidence] Page 167 done (2.4s)
[evidence] Page 167 → Found: ['rfe_linked_to_evidence_issue', 'noid_linked_to_evidence_issue']
[evidence] Page 168 → sending...
[evidence] Page 168 done (2.3s)
[evidence] Page 168 → Found: ['rfe_linked_to_evidence_issue', 'noid_linked_to_evidence_issue']
[evidence] Page 169 → sending...
[evidence] Page 169 done (2.1s)
[evidence] Page 169 → Found: ['rfe_linked_to_evidence_issue', 'noid_linked_to_evidence_issue']
[evidence] Page 170 → sending...
[evidence] Page 170 done (2.3s)
[evidence] Page 170 → Found: ['rfe_linked_to_evidence_issue', 'noid_linked_to_evidence_issue']
[evidence] Page 171 → sending...
[evidence] Page 171 done (2.6s)
[evidence] Page 171 → Found: ['rfe_linked_to_evidence_issue', 'noid_linked_to_evidence_issue']
[evidence] Page 172 → sending...
[evidence] Page 172 done (2.7s)
[evidence] Page 172 → Found: ['rfe_linked_to_evidence_issue', 'noid_linked_to_evidence_issue']
[evidence] Page 173 → sending...
[evidence] Page 173 done (2.6s)
[evidence] Page 173 → Found: ['rfe_linked_to_evidence_issue', 'noid_linked_to_evidence_issue']
[evidence] Page 174 → sending...
[evidence] Page 174 done (2.5s)
[evidence] Page 174 → Found: ['rfe_linked_to_evidence_issue', 'noid_linked_to_evidence_issue']
[evidence] Page 175 → sending...
[evidence] Page 175 done (2.3s)
[evidence] Page 175 → Found: ['rfe_linked_to_evidence_issue', 'noid_linked_to_evidence_issue']
[evidence] Page 176 → sending...
[evidence] Page 176 done (2.1s)
[evidence] Page 176 → Found: ['rfe_linked_to_evidence_issue', 'noid_linked_to_evidence_issue']
[evidence] Page 177 → sending...
[evidence] Page 177 done (2.5s)
[evidence] Page 177 → Found: ['rfe_linked_to_evidence_issue', 'noid_linked_to_evidence_issue']
[evidence] Page 178 → sending...
[evidence] Page 178 done (2.3s)
[evidence] Page 178 → Found: ['rfe_linked_to_evidence_issue', 'noid_linked_to_evidence_issue']
[evidence] Page 179 → sending...
[evidence] Page 179 done (2.0s)
[evidence] Page 179 → Found: ['rfe_linked_to_evidence_issue', 'noid_linked_to_evidence_issue']
[evidence] Page 180 → sending...
[evidence] Page 180 done (2.1s)
[evidence] Page 180 → Found: ['basis_for_application', 'rfe_linked_to_evidence_issue', 'noid_linked_to_evidence_issue']
[evidence] Page 181 → sending...
[evidence] Page 181 done (2.3s)
[evidence] Page 181 → Found: ['rfe_linked_to_evidence_issue', 'noid_linked_to_evidence_issue']
[evidence] Page 182 → sending...
[evidence] Page 182 done (2.0s)
[evidence] Page 182 → Found: ['rfe_linked_to_evidence_issue', 'noid_linked_to_evidence_issue']
[evidence] Page 183 → sending...
[evidence] Page 183 done (2.1s)
[evidence] Page 183 → Found: ['rfe_linked_to_evidence_issue', 'noid_linked_to_evidence_issue']
[evidence] Page 184 → sending...
[evidence] Page 184 done (2.8s)
[evidence] Page 184 → Found: ['basis_for_application', 'rfe_linked_to_evidence_issue', 'noid_linked_to_evidence_issue']
[evidence] Page 185 → sending...
[evidence] Page 185 done (2.4s)
[evidence] Page 185 → Found: ['basis_for_application', 'rfe_linked_to_evidence_issue', 'noid_linked_to_evidence_issue']
[evidence] Page 186 → sending...
[evidence] Page 186 done (2.2s)
[evidence] Page 186 → Found: ['rfe_linked_to_evidence_issue', 'noid_linked_to_evidence_issue']
[evidence] Page 187 → sending...
[evidence] Page 187 done (2.4s)
[evidence] Page 187 → Found: ['basis_for_application', 'rfe_linked_to_evidence_issue', 'noid_linked_to_evidence_issue']
[evidence] Page 188 → sending...
[evidence] Page 188 done (2.4s)
[evidence] Page 188 → Found: ['included_publications', 'cell_cited', 'basis_for_application', 'rfe_linked_to_evidence_issue', 'noid_linked_to_evidence_issue']
[evidence] Page 189 → sending...
[evidence] Page 189 done (2.2s)
[evidence] Page 189 → Found: ['rfe_linked_to_evidence_issue', 'noid_linked_to_evidence_issue']
[evidence] Page 190 → sending...
[evidence] Page 190 done (2.2s)
[evidence] Page 190 → Found: ['rfe_linked_to_evidence_issue', 'noid_linked_to_evidence_issue']
[evidence] Page 191 → sending...
[evidence] Page 191 done (2.3s)
[evidence] Page 191 → Found: ['rfe_linked_to_evidence_issue', 'noid_linked_to_evidence_issue']
[evidence] Page 192 → sending...
[evidence] Page 192 done (2.4s)
[evidence] Page 192 → Found: ['basis_for_application', 'rfe_linked_to_evidence_issue', 'noid_linked_to_evidence_issue']
[evidence] Page 193 → sending...
[evidence] Page 193 done (2.4s)
[evidence] Page 193 → Found: ['basis_for_application', 'rfe_linked_to_evidence_issue', 'noid_linked_to_evidence_issue']
[evidence] Page 194 → sending...
[evidence] Page 194 done (2.3s)
[evidence] Page 194 → Found: ['basis_for_application', 'rfe_linked_to_evidence_issue', 'noid_linked_to_evidence_issue']
[evidence] Page 195 → sending...
[evidence] Page 195 done (2.2s)
[evidence] Page 195 → Found: ['rfe_linked_to_evidence_issue', 'noid_linked_to_evidence_issue']
[evidence] Page 196 → sending...
[evidence] Page 196 done (2.4s)
[evidence] Page 196 → Found: ['basis_for_application', 'rfe_linked_to_evidence_issue', 'noid_linked_to_evidence_issue']
[evidence] Page 197 → sending...
[evidence] Page 197 done (2.1s)
[evidence] Page 197 → Found: ['rfe_linked_to_evidence_issue', 'noid_linked_to_evidence_issue']
[evidence] Page 198 → sending...
[evidence] Page 198 done (2.2s)
[evidence] Page 198 → Found: ['rfe_linked_to_evidence_issue', 'noid_linked_to_evidence_issue']
[evidence] Page 199 → sending...
[evidence] Page 199 done (2.3s)
[evidence] Page 199 → Found: ['basis_for_application', 'rfe_linked_to_evidence_issue', 'noid_linked_to_evidence_issue']
[evidence] Page 200 → sending...
[evidence] Page 200 done (2.1s)
[evidence] Page 200 → Found: ['rfe_linked_to_evidence_issue', 'noid_linked_to_evidence_issue']
[evidence] Page 201 → sending...
[evidence] Page 201 done (2.2s)
[evidence] Page 201 → Found: ['rfe_linked_to_evidence_issue', 'noid_linked_to_evidence_issue']
[evidence] Page 202 → sending...
[evidence] Page 202 done (2.3s)
[evidence] Page 202 → Found: ['basis_for_application', 'rfe_linked_to_evidence_issue', 'noid_linked_to_evidence_issue']
[evidence] Page 203 → sending...
[evidence] Page 203 done (2.1s)
[evidence] Page 203 → Found: ['included_publications', 'cell_cited', 'basis_for_application', 'rfe_linked_to_evidence_issue', 'noid_linked_to_evidence_issue']
[evidence] Page 204 → sending...
[evidence] Page 204 done (2.1s)
[evidence] Page 204 → Found: ['rfe_linked_to_evidence_issue', 'noid_linked_to_evidence_issue']
[evidence] Page 205 → sending...
[evidence] Page 205 done (2.4s)
[evidence] Page 205 → Found: ['rfe_linked_to_evidence_issue', 'noid_linked_to_evidence_issue']
[evidence] Page 206 → sending...
[evidence] Page 206 done (2.1s)
[evidence] Page 206 → Found: ['rfe_linked_to_evidence_issue', 'noid_linked_to_evidence_issue']
[evidence] Page 207 → sending...
[evidence] Page 207 done (2.2s)
[evidence] Page 207 → Found: ['rfe_linked_to_evidence_issue', 'noid_linked_to_evidence_issue']
[evidence] Page 208 → sending...
[evidence] Page 208 done (2.2s)
[evidence] Page 208 → Found: ['basis_for_application', 'rfe_linked_to_evidence_issue', 'noid_linked_to_evidence_issue']
[evidence] Page 209 → sending...
[evidence] Page 209 done (2.3s)
[evidence] Page 209 → Found: ['basis_for_application', 'rfe_linked_to_evidence_issue', 'noid_linked_to_evidence_issue']
[evidence] Page 210 → sending...
[evidence] Page 210 done (2.2s)
[evidence] Page 210 → Found: ['rfe_linked_to_evidence_issue', 'noid_linked_to_evidence_issue']
[evidence] Page 211 → sending...
[evidence] Page 211 done (2.3s)
[evidence] Page 211 → Found: ['basis_for_application', 'rfe_linked_to_evidence_issue', 'noid_linked_to_evidence_issue']
[evidence] Page 212 → sending...
[evidence] Page 212 done (2.1s)
[evidence] Page 212 → Found: ['basis_for_application', 'rfe_linked_to_evidence_issue', 'noid_linked_to_evidence_issue']
[evidence] Page 213 → sending...
[evidence] Page 213 done (2.2s)
[evidence] Page 213 → Found: ['rfe_linked_to_evidence_issue', 'noid_linked_to_evidence_issue']
[evidence] Page 214 → sending...
[evidence] Page 214 done (2.2s)
[evidence] Page 214 → Found: ['basis_for_application', 'rfe_linked_to_evidence_issue', 'noid_linked_to_evidence_issue']
[evidence] Page 215 → sending...
[evidence] Page 215 done (2.1s)
[evidence] Page 215 → Found: ['rfe_linked_to_evidence_issue', 'noid_linked_to_evidence_issue']
[evidence] Page 216 → sending...
[evidence] Page 216 done (2.2s)
[evidence] Page 216 → Found: ['rfe_linked_to_evidence_issue', 'noid_linked_to_evidence_issue']
[evidence] Page 217 → sending...
[evidence] Page 217 done (2.1s)
[evidence] Page 217 → Found: ['rfe_linked_to_evidence_issue', 'noid_linked_to_evidence_issue']
[evidence] Page 218 → sending...
[evidence] Page 218 done (2.1s)
[evidence] Page 218 → Found: ['rfe_linked_to_evidence_issue', 'noid_linked_to_evidence_issue']
[evidence] Page 219 → sending...
[evidence] Page 219 done (2.0s)
[evidence] Page 219 → Found: ['rfe_linked_to_evidence_issue', 'noid_linked_to_evidence_issue']
[evidence] Page 220 → sending...
[evidence] Page 220 done (2.1s)
[evidence] Page 220 → Found: ['rfe_linked_to_evidence_issue', 'noid_linked_to_evidence_issue']
[evidence] Page 221 → sending...
[evidence] Page 221 done (2.0s)
[evidence] Page 221 → Found: ['rfe_linked_to_evidence_issue', 'noid_linked_to_evidence_issue']
[evidence] Page 222 → sending...
[evidence] Page 222 done (2.1s)
[evidence] Page 222 → Found: ['rfe_linked_to_evidence_issue', 'noid_linked_to_evidence_issue']
[evidence] Page 223 → sending...
[evidence] Page 223 done (2.0s)
[evidence] Page 223 → Found: ['rfe_linked_to_evidence_issue', 'noid_linked_to_evidence_issue']
[evidence] Page 224 → sending...
[evidence] Page 224 done (2.0s)
[evidence] Page 224 → Found: ['rfe_linked_to_evidence_issue', 'noid_linked_to_evidence_issue']
[evidence] Page 225 → sending...
[evidence] Page 225 done (2.1s)
[evidence] Page 225 → Found: ['rfe_linked_to_evidence_issue', 'noid_linked_to_evidence_issue']
[evidence] Page 226 → sending...
[evidence] Page 226 done (1.9s)
[evidence] Page 226 → Found: ['rfe_linked_to_evidence_issue', 'noid_linked_to_evidence_issue']
[evidence] Page 227 → sending...
[evidence] Page 227 done (2.0s)
[evidence] Page 227 → Found: ['rfe_linked_to_evidence_issue', 'noid_linked_to_evidence_issue']
[evidence] Page 228 → sending...
[evidence] Page 228 done (2.1s)
[evidence] Page 228 → Found: ['rfe_linked_to_evidence_issue', 'noid_linked_to_evidence_issue']
[evidence] Page 229 → sending...
[evidence] Page 229 done (2.0s)
[evidence] Page 229 → Found: ['rfe_linked_to_evidence_issue', 'noid_linked_to_evidence_issue']
[evidence] Page 230 → sending...
[evidence] Page 230 done (2.0s)
[evidence] Page 230 → Found: ['rfe_linked_to_evidence_issue', 'noid_linked_to_evidence_issue']
[evidence] Page 231 → sending...
[evidence] Page 231 done (2.5s)
[evidence] Page 231 → Found: ['rfe_linked_to_evidence_issue', 'noid_linked_to_evidence_issue']
[evidence] Page 232 → sending...
[evidence] Page 232 done (2.4s)
[evidence] Page 232 → Found: ['rfe_linked_to_evidence_issue', 'noid_linked_to_evidence_issue']
[evidence] Page 233 → sending...
[evidence] Page 233 done (2.1s)
[evidence] Page 233 → Found: ['rfe_linked_to_evidence_issue', 'noid_linked_to_evidence_issue']
[evidence] Page 234 → sending...
[evidence] Page 234 done (2.1s)
[evidence] Page 234 → Found: ['rfe_linked_to_evidence_issue', 'noid_linked_to_evidence_issue']
[evidence] Page 235 → sending...
[evidence] Page 235 done (2.1s)
[evidence] Page 235 → Found: ['rfe_linked_to_evidence_issue', 'noid_linked_to_evidence_issue']
[evidence] Page 236 → sending...
[evidence] Page 236 done (2.1s)
[evidence] Page 236 → Found: ['rfe_linked_to_evidence_issue', 'noid_linked_to_evidence_issue']
[evidence] Page 237 → sending...
[evidence] Page 237 done (2.1s)
[evidence] Page 237 → Found: ['rfe_linked_to_evidence_issue', 'noid_linked_to_evidence_issue']
[evidence] Page 238 → sending...
[evidence] Page 238 done (2.1s)
[evidence] Page 238 → Found: ['rfe_linked_to_evidence_issue', 'noid_linked_to_evidence_issue']
[evidence] Page 239 → sending...
[evidence] Page 239 done (2.0s)
[evidence] Page 239 → Found: ['rfe_linked_to_evidence_issue', 'noid_linked_to_evidence_issue']
[evidence] Page 240 → sending...
[evidence] Page 240 done (2.1s)
[evidence] Page 240 → Found: ['rfe_linked_to_evidence_issue', 'noid_linked_to_evidence_issue']
[evidence] Page 241 → sending...
[evidence] Page 241 done (2.1s)
[evidence] Page 241 → Found: ['rfe_linked_to_evidence_issue', 'noid_linked_to_evidence_issue']
[evidence] Page 242 → sending...
[evidence] Page 242 done (2.1s)
[evidence] Page 242 → Found: ['rfe_linked_to_evidence_issue', 'noid_linked_to_evidence_issue']
[evidence] Page 243 → sending...
[evidence] Page 243 done (2.1s)
[evidence] Page 243 → Found: ['rfe_linked_to_evidence_issue', 'noid_linked_to_evidence_issue']
[evidence] Page 244 → sending...
[evidence] Page 244 done (2.1s)
[evidence] Page 244 → Found: ['rfe_linked_to_evidence_issue', 'noid_linked_to_evidence_issue']
[evidence] Page 245 → sending...
[evidence] Page 245 done (2.1s)
[evidence] Page 245 → Found: ['rfe_linked_to_evidence_issue', 'noid_linked_to_evidence_issue']
[evidence] Page 246 → sending...
[evidence] Page 246 done (2.4s)
[evidence] Page 246 → Found: ['rfe_linked_to_evidence_issue', 'noid_linked_to_evidence_issue']
[evidence] Page 247 → sending...
[evidence] Page 247 done (2.1s)
[evidence] Page 247 → Found: ['rfe_linked_to_evidence_issue', 'noid_linked_to_evidence_issue']
[evidence] Page 248 → sending...
[evidence] Page 248 done (2.0s)
[evidence] Page 248 → Found: ['rfe_linked_to_evidence_issue', 'noid_linked_to_evidence_issue']
[evidence] Page 249 → sending...
[evidence] Page 249 done (2.2s)
[evidence] Page 249 → Found: ['basis_for_application', 'rfe_linked_to_evidence_issue', 'noid_linked_to_evidence_issue']
[evidence] Page 250 → sending...
[evidence] Page 250 done (2.1s)
[evidence] Page 250 → Found: ['rfe_linked_to_evidence_issue', 'noid_linked_to_evidence_issue']
[evidence] Page 251 → sending...
[evidence] Page 251 done (2.1s)
[evidence] Page 251 → Found: ['rfe_linked_to_evidence_issue', 'noid_linked_to_evidence_issue']
[evidence] Page 252 → sending...
[evidence] Page 252 done (2.1s)
[evidence] Page 252 → Found: ['rfe_linked_to_evidence_issue', 'noid_linked_to_evidence_issue']
[evidence] Page 253 → sending...
[evidence] Page 253 done (2.4s)
[evidence] Page 253 → Found: ['basis_for_application', 'rfe_linked_to_evidence_issue', 'noid_linked_to_evidence_issue']
[evidence] Page 254 → sending...
[evidence] Page 254 done (2.2s)
[evidence] Page 254 → Found: ['basis_for_application', 'rfe_linked_to_evidence_issue', 'noid_linked_to_evidence_issue']
[evidence] Page 255 → sending...
[evidence] Page 255 done (2.2s)
[evidence] Page 255 → Found: ['rfe_linked_to_evidence_issue', 'noid_linked_to_evidence_issue']
[evidence] Page 256 → sending...
[evidence] Page 256 done (2.4s)
[evidence] Page 256 → Found: ['basis_for_application', 'rfe_linked_to_evidence_issue', 'noid_linked_to_evidence_issue']
[evidence] Page 257 → sending...
[evidence] Page 257 done (2.3s)
[evidence] Page 257 → Found: ['basis_for_application', 'rfe_linked_to_evidence_issue', 'noid_linked_to_evidence_issue']
[evidence] Page 258 → sending...
[evidence] Page 258 done (2.1s)
[evidence] Page 258 → Found: ['rfe_linked_to_evidence_issue', 'noid_linked_to_evidence_issue']
[evidence] Page 259 → sending...
[evidence] Page 259 done (2.4s)
[evidence] Page 259 → Found: ['basis_for_application', 'rfe_linked_to_evidence_issue', 'noid_linked_to_evidence_issue']
[evidence] Page 260 → sending...
[evidence] Page 260 done (2.3s)
[evidence] Page 260 → Found: ['included_publications', 'cell_cited', 'basis_for_application', 'rfe_linked_to_evidence_issue', 'noid_linked_to_evidence_issue']
[evidence] Page 261 → sending...
[evidence] Page 261 done (2.1s)
[evidence] Page 261 → Found: ['rfe_linked_to_evidence_issue', 'noid_linked_to_evidence_issue']
[evidence] Page 262 → sending...
[evidence] Page 262 done (2.2s)
[evidence] Page 262 → Found: ['rfe_linked_to_evidence_issue', 'noid_linked_to_evidence_issue']
[evidence] Page 263 → sending...
[evidence] Page 263 done (2.2s)
[evidence] Page 263 → Found: ['rfe_linked_to_evidence_issue', 'noid_linked_to_evidence_issue']
[evidence] Page 264 → sending...
[evidence] Page 264 done (2.2s)
[evidence] Page 264 → Found: ['basis_for_application', 'rfe_linked_to_evidence_issue', 'noid_linked_to_evidence_issue']
[evidence] Page 265 → sending...
[evidence] Page 265 done (2.2s)
[evidence] Page 265 → Found: ['rfe_linked_to_evidence_issue', 'noid_linked_to_evidence_issue']
[evidence] Page 266 → sending...
[evidence] Page 266 done (2.1s)
[evidence] Page 266 → Found: ['rfe_linked_to_evidence_issue', 'noid_linked_to_evidence_issue']
[evidence] Page 267 → sending...
[evidence] Page 267 done (2.4s)
[evidence] Page 267 → Found: ['basis_for_application', 'rfe_linked_to_evidence_issue', 'noid_linked_to_evidence_issue']
[evidence] Page 268 → sending...
[evidence] Page 268 done (2.1s)
[evidence] Page 268 → Found: ['included_publications', 'cell_cited', 'basis_for_application', 'rfe_linked_to_evidence_issue', 'noid_linked_to_evidence_issue']
[evidence] Page 269 → sending...
[evidence] Page 269 done (2.2s)
[evidence] Page 269 → Found: ['rfe_linked_to_evidence_issue', 'noid_linked_to_evidence_issue']
[evidence] Page 270 → sending...
[evidence] Page 270 done (2.5s)
[evidence] Page 270 → Found: ['rfe_linked_to_evidence_issue', 'noid_linked_to_evidence_issue']
[evidence] Page 271 → sending...
[evidence] Page 271 done (2.1s)
[evidence] Page 271 → Found: ['rfe_linked_to_evidence_issue', 'noid_linked_to_evidence_issue']
[evidence] Page 272 → sending...
[evidence] Page 272 done (2.2s)
[evidence] Page 272 → Found: ['rfe_linked_to_evidence_issue', 'noid_linked_to_evidence_issue']
[evidence] Page 273 → sending...
[evidence] Page 273 done (2.3s)
[evidence] Page 273 → Found: ['basis_for_application', 'rfe_linked_to_evidence_issue', 'noid_linked_to_evidence_issue']
[evidence] Page 274 → sending...
[evidence] Page 274 done (2.3s)
[evidence] Page 274 → Found: ['basis_for_application', 'rfe_linked_to_evidence_issue', 'noid_linked_to_evidence_issue']
[evidence] Page 275 → sending...
[evidence] Page 275 done (2.1s)
[evidence] Page 275 → Found: ['rfe_linked_to_evidence_issue', 'noid_linked_to_evidence_issue']
[evidence] Page 276 → sending...
[evidence] Page 276 done (2.5s)
[evidence] Page 276 → Found: ['basis_for_application', 'rfe_linked_to_evidence_issue', 'noid_linked_to_evidence_issue']
[evidence] Page 277 → sending...
[evidence] Page 277 done (2.3s)
[evidence] Page 277 → Found: ['basis_for_application', 'rfe_linked_to_evidence_issue', 'noid_linked_to_evidence_issue']
[evidence] Page 278 → sending...
[evidence] Page 278 done (2.3s)
[evidence] Page 278 → Found: ['rfe_linked_to_evidence_issue', 'noid_linked_to_evidence_issue']
[evidence] Page 279 → sending...
[evidence] Page 279 done (2.3s)
[evidence] Page 279 → Found: ['basis_for_application', 'rfe_linked_to_evidence_issue', 'noid_linked_to_evidence_issue']
[evidence] Page 280 → sending...
[evidence] Page 280 done (2.1s)
[evidence] Page 280 → Found: ['rfe_linked_to_evidence_issue', 'noid_linked_to_evidence_issue']
[evidence] Page 281 → sending...
[evidence] Page 281 done (2.2s)
[evidence] Page 281 → Found: ['rfe_linked_to_evidence_issue', 'noid_linked_to_evidence_issue']
[evidence] Page 282 → sending...
[evidence] Page 282 done (2.3s)
[evidence] Page 282 → Found: ['rfe_linked_to_evidence_issue', 'noid_linked_to_evidence_issue']
[evidence] Page 283 → sending...
[evidence] Page 283 done (2.3s)
[evidence] Page 283 → Found: ['rfe_linked_to_evidence_issue', 'noid_linked_to_evidence_issue']
[evidence] Page 284 → sending...
[evidence] Page 284 done (2.1s)
[evidence] Page 284 → Found: ['rfe_linked_to_evidence_issue', 'noid_linked_to_evidence_issue']
[evidence] Page 285 → sending...
[evidence] Page 285 done (2.2s)
[evidence] Page 285 → Found: ['rfe_linked_to_evidence_issue', 'noid_linked_to_evidence_issue']
[evidence] Page 286 → sending...
[evidence] Page 286 done (2.4s)
[evidence] Page 286 → Found: ['basis_for_application', 'rfe_linked_to_evidence_issue', 'noid_linked_to_evidence_issue']
[evidence] Page 287 → sending...
[evidence] Page 287 done (2.1s)
[evidence] Page 287 → Found: ['rfe_linked_to_evidence_issue', 'noid_linked_to_evidence_issue']
[evidence] Page 288 → sending...
[evidence] Page 288 done (2.2s)
[evidence] Page 288 → Found: ['rfe_linked_to_evidence_issue', 'noid_linked_to_evidence_issue']
[evidence] Page 289 → sending...
[evidence] Page 289 done (2.3s)
[evidence] Page 289 → Found: ['rfe_linked_to_evidence_issue', 'noid_linked_to_evidence_issue']
[evidence] Page 290 → sending...
[evidence] Page 290 done (2.4s)
[evidence] Page 290 → Found: ['basis_for_application', 'rfe_linked_to_evidence_issue', 'noid_linked_to_evidence_issue']
[evidence] Page 291 → sending...
[evidence] Page 291 done (2.4s)
[evidence] Page 291 → Found: ['basis_for_application', 'rfe_linked_to_evidence_issue', 'noid_linked_to_evidence_issue']
[evidence] Page 292 → sending...
[evidence] Page 292 done (2.5s)
[evidence] Page 292 → Found: ['basis_for_application', 'rfe_linked_to_evidence_issue', 'noid_linked_to_evidence_issue']
[evidence] Page 293 → sending...
[evidence] Page 293 done (2.0s)
[evidence] Page 293 → Found: ['rfe_linked_to_evidence_issue', 'noid_linked_to_evidence_issue']
[evidence] Page 294 → sending...
[evidence] Page 294 done (2.3s)
[evidence] Page 294 → Found: ['rfe_linked_to_evidence_issue', 'noid_linked_to_evidence_issue']
[evidence] Page 295 → sending...
[evidence] Page 295 done (2.2s)
[evidence] Page 295 → Found: ['rfe_linked_to_evidence_issue', 'noid_linked_to_evidence_issue']
[evidence] Page 296 → sending...
[evidence] Page 296 done (2.4s)
[evidence] Page 296 → Found: ['rfe_linked_to_evidence_issue', 'noid_linked_to_evidence_issue']
[evidence] Page 297 → sending...
[evidence] Page 297 done (2.3s)
[evidence] Page 297 → Found: ['rfe_linked_to_evidence_issue', 'noid_linked_to_evidence_issue']
[evidence] Page 298 → sending...
[evidence] Page 298 done (2.8s)
[evidence] Page 298 → Found: ['rfe_linked_to_evidence_issue', 'noid_linked_to_evidence_issue']
[evidence] Page 299 → sending...
[evidence] Page 299 done (2.5s)
[evidence] Page 299 → Found: ['rfe_linked_to_evidence_issue', 'noid_linked_to_evidence_issue']
[evidence] Page 300 → sending...
[evidence] Page 300 done (2.6s)
[evidence] Page 300 → Found: ['rfe_linked_to_evidence_issue', 'noid_linked_to_evidence_issue']
[evidence] Page 301 → sending...
[evidence] Page 301 done (2.0s)
[evidence] Page 301 → Found: ['rfe_linked_to_evidence_issue', 'noid_linked_to_evidence_issue']
[evidence] Page 302 → sending...
[evidence] Page 302 done (2.2s)
[evidence] Page 302 → Found: ['basis_for_application', 'rfe_linked_to_evidence_issue', 'noid_linked_to_evidence_issue']
[evidence] Page 303 → sending...
[evidence] Page 303 done (2.4s)
[evidence] Page 303 → Found: ['rfe_linked_to_evidence_issue', 'noid_linked_to_evidence_issue']
[evidence] Page 304 → sending...
[evidence] Page 304 done (2.1s)
[evidence] Page 304 → Found: ['rfe_linked_to_evidence_issue', 'noid_linked_to_evidence_issue']
[evidence] Page 305 → sending...
[evidence] Page 305 done (2.0s)
[evidence] Page 305 → Found: ['rfe_linked_to_evidence_issue', 'noid_linked_to_evidence_issue']
[evidence] Page 306 → sending...
[evidence] Page 306 done (2.0s)
[evidence] Page 306 → Found: ['rfe_linked_to_evidence_issue', 'noid_linked_to_evidence_issue']
[evidence] Page 307 → sending...
[evidence] Page 307 done (2.2s)
[evidence] Page 307 → Found: ['rfe_linked_to_evidence_issue', 'noid_linked_to_evidence_issue']
[evidence] Page 308 → sending...
[evidence] Page 308 done (2.3s)
[evidence] Page 308 → Found: ['rfe_linked_to_evidence_issue', 'noid_linked_to_evidence_issue']
[evidence] Page 309 → sending...
[evidence] Page 309 done (2.0s)
[evidence] Page 309 → Found: ['rfe_linked_to_evidence_issue', 'noid_linked_to_evidence_issue']
[evidence] Page 310 → sending...
[evidence] Page 310 done (2.2s)
[evidence] Page 310 → Found: ['rfe_linked_to_evidence_issue', 'noid_linked_to_evidence_issue']
[evidence] Page 311 → sending...
[evidence] Page 311 done (2.7s)
[evidence] Page 311 → Found: ['rfe_linked_to_evidence_issue', 'noid_linked_to_evidence_issue']
[evidence] Page 312 → sending...
[evidence] Page 312 done (2.2s)
[evidence] Page 312 → Found: ['rfe_linked_to_evidence_issue', 'noid_linked_to_evidence_issue']
[evidence] Page 313 → sending...
[evidence] Page 313 done (2.2s)
[evidence] Page 313 → Found: ['rfe_linked_to_evidence_issue', 'noid_linked_to_evidence_issue']
[evidence] Page 314 → sending...
[evidence] Page 314 done (2.4s)
[evidence] Page 314 → Found: ['rfe_linked_to_evidence_issue', 'noid_linked_to_evidence_issue']
[evidence] Page 315 → sending...
[evidence] Page 315 done (2.3s)
[evidence] Page 315 → Found: ['rfe_linked_to_evidence_issue', 'noid_linked_to_evidence_issue']
[evidence] Page 316 → sending...
[evidence] Page 316 done (2.2s)
[evidence] Page 316 → Found: ['rfe_linked_to_evidence_issue', 'noid_linked_to_evidence_issue']
[evidence] Page 317 → sending...
[evidence] Page 317 done (2.0s)
[evidence] Page 317 → Found: ['rfe_linked_to_evidence_issue', 'noid_linked_to_evidence_issue']
[evidence] Page 318 → sending...
[evidence] Page 318 done (2.2s)
[evidence] Page 318 → Found: ['rfe_linked_to_evidence_issue', 'noid_linked_to_evidence_issue']
[evidence] Page 319 → sending...
[evidence] Page 319 done (2.1s)
[evidence] Page 319 → Found: ['rfe_linked_to_evidence_issue', 'noid_linked_to_evidence_issue']
[evidence] Page 320 → sending...
[evidence] Page 320 done (2.4s)
[evidence] Page 320 → Found: ['rfe_linked_to_evidence_issue', 'noid_linked_to_evidence_issue']
[evidence] Page 321 → sending...
[evidence] Page 321 done (2.2s)
[evidence] Page 321 → Found: ['rfe_linked_to_evidence_issue', 'noid_linked_to_evidence_issue']
[evidence] Page 322 → sending...
[evidence] Page 322 done (2.1s)
[evidence] Page 322 → Found: ['rfe_linked_to_evidence_issue', 'noid_linked_to_evidence_issue']
[evidence] Page 323 → sending...
[evidence] Page 323 done (2.5s)
[evidence] Page 323 → Found: ['basis_for_application', 'rfe_linked_to_evidence_issue', 'noid_linked_to_evidence_issue']
[evidence] Page 324 → sending...
[evidence] Page 324 done (2.2s)
[evidence] Page 324 → Found: ['rfe_linked_to_evidence_issue', 'noid_linked_to_evidence_issue']
[evidence] Page 325 → sending...
[evidence] Page 325 done (2.4s)
[evidence] Page 325 → Found: ['rfe_linked_to_evidence_issue', 'noid_linked_to_evidence_issue']
[evidence] Page 326 → sending...
[evidence] Page 326 done (2.5s)
[evidence] Page 326 → Found: ['rfe_linked_to_evidence_issue', 'noid_linked_to_evidence_issue']

EVIDENCE RESULT:
{
  "rfe_linked_to_evidence_issue": false,
  "noid_linked_to_evidence_issue": false,
  "basis_for_application": "Major Award",
  "included_publications": false,
  "cell_cited": false,
  "publication_type": "peer_reviewed_top_tier"
}

=== FINAL MERGED RESULT ===
{
  "premium_processing": "Unknown",
  "employer_sponsored": true,
  "self_petition": false,
  "petition_type": "O-1A",
  "beneficiary_country_of_birth": "United Kingdom",
  "beneficiary_country_of_citizenship": "United Kingdom",
  "beneficiary_industry": "Tech",
  "decision_date": "10/27/2022",
  "final_outcome": "Approved",
  "rfe_issued": false,
  "noid_issued": false,
  "basis_for_approval": "The above petition and accompanying request for a change of status have been approved.",
  "discretion_applied": false,
  "rfe_linked_to_evidence_issue": false,
  "noid_linked_to_evidence_issue": false,
  "basis_for_application": "Major Award",
  "included_publications": false,
  "cell_cited": false,
  "publication_type": "peer_reviewed_top_tier"
}

APPLICATION: application-002
------------------------------------------------------------

=== PROCESSING PETITION ===
[petition] Page 1 → sending...
[petition] Page 1 done (4.9s)
[petition] Page 1 → Found: ['petition_type', 'service_center_or_field_office', 'premium_processing', 'employer_sponsored', 'self_petition', 'beneficiary_industry', 'eb2_basis', 'endeavor_field']
[petition] Page 2 → sending...
[petition] Page 2 done (4.8s)
[petition] Page 2 → Found: ['petition_type', 'premium_processing', 'employer_sponsored', 'self_petition', 'beneficiary_industry', 'eb2_basis', 'endeavor_field']
[petition] Page 3 → sending...
[petition] Page 3 done (4.7s)
[petition] Page 3 → Found: ['premium_processing', 'employer_sponsored', 'self_petition', 'beneficiary_industry', 'eb2_basis', 'endeavor_field']
[petition] Page 4 → sending...
[petition] Page 4 done (4.6s)
[petition] Page 4 → Found: ['premium_processing', 'employer_sponsored', 'self_petition', 'beneficiary_industry', 'endeavor_field']
[petition] Page 5 → sending...
[petition] Page 5 done (4.9s)
[petition] Page 5 → Found: ['premium_processing', 'beneficiary_industry', 'endeavor_field']
[petition] Page 6 → sending...
[petition] Page 6 done (4.7s)
[petition] Page 6 → Found: ['premium_processing', 'employer_sponsored', 'self_petition', 'beneficiary_industry', 'publications_included', 'endeavor_field']
[petition] Page 7 → sending...
[petition] Page 7 done (4.5s)
[petition] Page 7 → Found: ['premium_processing', 'publications_included']
[petition] Page 8 → sending...
[petition] Page 8 done (4.7s)
[petition] Page 8 → Found: ['premium_processing', 'beneficiary_industry', 'publications_included', 'endeavor_field']
[petition] Page 9 → sending...
[petition] Page 9 done (4.8s)
[petition] Page 9 → Found: ['premium_processing', 'beneficiary_industry', 'judging_others_work_claimed', 'endeavor_field']
[petition] Page 10 → sending...
[petition] Page 10 done (4.9s)
[petition] Page 10 → Found: ['premium_processing', 'beneficiary_industry', 'publications_included', 'judging_others_work_claimed', 'endeavor_field']
[petition] Page 11 → sending...
[petition] Page 11 done (4.7s)
[petition] Page 11 → Found: ['premium_processing', 'employer_sponsored', 'self_petition', 'beneficiary_industry', 'high_salary_claimed', 'endeavor_field']
[petition] Page 12 → sending...
[petition] Page 12 done (4.7s)
[petition] Page 12 → Found: ['premium_processing', 'employer_sponsored', 'self_petition', 'beneficiary_industry', 'major_award_claimed', 'endeavor_field']
[petition] Page 13 → sending...
[petition] Page 13 done (4.4s)
[petition] Page 13 → Found: ['premium_processing', 'employer_sponsored', 'self_petition', 'beneficiary_industry', 'endeavor_field']
[petition] Page 14 → sending...
[petition] Page 14 done (4.8s)
[petition] Page 14 → Found: ['petition_type', 'premium_processing', 'employer_sponsored', 'self_petition', 'beneficiary_industry', 'eb2_basis', 'endeavor_field']
[petition] Page 15 → sending...
[petition] Page 15 done (4.3s)
[petition] Page 15 → Found: ['premium_processing']
[petition] Page 16 → sending...
[petition] Page 16 done (10.0s)
[petition] Page 16 → Found: ['petition_type', 'premium_processing', 'employer_sponsored', 'self_petition', 'eb2_basis']
[petition] Page 17 → sending...
[petition] Page 17 done (5.6s)
[petition] Page 17 → Found: ['petition_type', 'premium_processing', 'employer_sponsored', 'self_petition', 'beneficiary_country_of_birth', 'beneficiary_country_of_citizenship']
[petition] Page 18 → sending...
[petition] Page 18 done (5.8s)
[petition] Page 18 → Found: ['premium_processing', 'employer_sponsored', 'self_petition', 'beneficiary_country_of_citizenship']
[petition] Page 19 → sending...
[petition] Page 19 done (10.4s)
[petition] Page 19 → Found: ['premium_processing', 'employer_sponsored', 'self_petition', 'beneficiary_industry']
[petition] Page 20 → sending...
[petition] Page 20 done (8.2s)
[petition] Page 20 → Found: ['premium_processing']
[petition] Page 21 → sending...
[petition] Page 21 done (4.9s)
[petition] Page 21 → Found: ['premium_processing', 'employer_sponsored', 'self_petition']
[petition] Page 22 → sending...
[petition] Page 22 done (9.8s)
[petition] Page 22 → Found: ['premium_processing']
[petition] Page 23 → sending...
[petition] Page 23 done (4.7s)
[petition] Page 23 → Found: ['premium_processing']
[petition] Page 24 → sending...
[petition] Page 24 done (10.4s)
[petition] Page 24 → Found: ['premium_processing', 'employer_sponsored', 'self_petition']
[petition] Page 25 → sending...
[petition] Page 25 done (7.7s)
[petition] Page 25 → Found: ['premium_processing']
[petition] Page 26 → sending...
[petition] Page 26 done (5.6s)
[petition] Page 26 → Found: ['premium_processing']
[petition] Page 27 → sending...
[petition] Page 27 done (4.7s)
[petition] Page 27 → Found: ['premium_processing']
[petition] Page 28 → sending...
[petition] Page 28 done (10.5s)
[petition] Page 28 → Found: ['premium_processing']
[petition] Page 29 → sending...
[petition] Page 29 done (5.0s)
[petition] Page 29 → Found: ['premium_processing']
[petition] Page 30 → sending...
[petition] Page 30 done (5.4s)
[petition] Page 30 → Found: ['petition_type', 'premium_processing', 'employer_sponsored', 'self_petition', 'eb2_basis']
[petition] Page 31 → sending...
[petition] Page 31 done (5.0s)
[petition] Page 31 → Found: ['premium_processing']
[petition] Page 32 → sending...
[petition] Page 32 done (5.0s)
[petition] Page 32 → Found: ['premium_processing']
[petition] Page 33 → sending...
[petition] Page 33 done (4.9s)
[petition] Page 33 → Found: ['premium_processing']
[petition] Page 34 → sending...
[petition] Page 34 done (4.5s)
[petition] Page 34 → Found: ['premium_processing']
[petition] Page 35 → sending...
[petition] Page 35 done (4.9s)
[petition] Page 35 → Found: ['premium_processing']
[petition] Page 36 → sending...
[petition] Page 36 done (5.7s)
[petition] Page 36 → Found: ['petition_type', 'premium_processing', 'employer_sponsored', 'self_petition', 'beneficiary_country_of_birth', 'beneficiary_country_of_citizenship']
[petition] Page 37 → sending...
[petition] Page 37 done (5.3s)
[petition] Page 37 → Found: ['premium_processing']
[petition] Page 38 → sending...
[petition] Page 38 done (8.5s)
[petition] Page 38 → Found: ['premium_processing']
[petition] Page 39 → sending...
[petition] Page 39 done (4.8s)
[petition] Page 39 → Found: ['premium_processing', 'employer_sponsored', 'self_petition']
[petition] Page 40 → sending...
[petition] Page 40 done (11.4s)
[petition] Page 40 → Found: ['premium_processing', 'employer_sponsored', 'self_petition', 'beneficiary_industry', 'endeavor_field']
[petition] Page 41 → sending...
[petition] Page 41 done (4.9s)
[petition] Page 41 → Found: ['premium_processing', 'employer_sponsored', 'self_petition']
[petition] Page 42 → sending...
[petition] Page 42 done (4.9s)
[petition] Page 42 → Found: ['premium_processing', 'employer_sponsored', 'self_petition']
[petition] Page 43 → sending...
[petition] Page 43 done (6.6s)
[petition] Page 43 → Found: ['premium_processing']
[petition] Page 44 → sending...
[petition] Page 44 done (4.3s)
[petition] Page 44 → Found: ['premium_processing', 'beneficiary_country_of_citizenship']
[petition] Page 45 → sending...
[petition] Page 45 done (3.9s)
[petition] Page 45 → Found: ['premium_processing']
[petition] Page 46 → sending...
[petition] Page 46 done (4.3s)
[petition] Page 46 → Found: ['premium_processing']
[petition] Page 47 → sending...
[petition] Page 47 done (4.2s)
[petition] Page 47 → Found: ['premium_processing']
[petition] Page 48 → sending...
[petition] Page 48 done (4.5s)
[petition] Page 48 → Found: ['premium_processing']
[petition] Page 49 → sending...
[petition] Page 49 done (4.4s)
[petition] Page 49 → Found: ['premium_processing']
[petition] Page 50 → sending...
[petition] Page 50 done (5.3s)
[petition] Page 50 → Found: ['premium_processing']
[petition] Page 51 → sending...
[petition] Page 51 done (7.9s)
[petition] Page 51 → Found: ['premium_processing', 'beneficiary_industry']
[petition] Page 52 → sending...
[petition] Page 52 done (4.2s)
[petition] Page 52 → Found: ['premium_processing']
[petition] Page 53 → sending...
[petition] Page 53 done (4.3s)
[petition] Page 53 → Found: ['premium_processing']
[petition] Page 54 → sending...
[petition] Page 54 done (4.3s)
[petition] Page 54 → Found: ['premium_processing']
[petition] Page 55 → sending...
[petition] Page 55 done (4.2s)
[petition] Page 55 → Found: ['premium_processing']
[petition] Page 56 → sending...
[petition] Page 56 done (4.5s)
[petition] Page 56 → No useful fields
[petition] Page 57 → sending...
[petition] Page 57 done (4.3s)
[petition] Page 57 → Found: ['premium_processing']
[petition] Page 58 → sending...
[petition] Page 58 done (4.4s)
[petition] Page 58 → Found: ['premium_processing']
[petition] Page 59 → sending...
[petition] Page 59 done (4.6s)
[petition] Page 59 → Found: ['premium_processing', 'beneficiary_industry', 'endeavor_field']
[petition] Page 60 → sending...
[petition] Page 60 done (4.3s)
[petition] Page 60 → No useful fields
[petition] Page 61 → sending...
[petition] Page 61 done (4.1s)
[petition] Page 61 → Found: ['premium_processing']
[petition] Page 62 → sending...
[petition] Page 62 done (4.2s)
[petition] Page 62 → Found: ['premium_processing']
[petition] Page 63 → sending...
[petition] Page 63 done (4.2s)
[petition] Page 63 → Found: ['premium_processing']
[petition] Page 64 → sending...
[petition] Page 64 done (4.4s)
[petition] Page 64 → Found: ['premium_processing']
[petition] Page 65 → sending...
[petition] Page 65 done (4.4s)
[petition] Page 65 → Found: ['premium_processing']
[petition] Page 66 → sending...
[petition] Page 66 done (4.4s)
[petition] Page 66 → Found: ['premium_processing']
[petition] Page 67 → sending...
[petition] Page 67 done (4.4s)
[petition] Page 67 → Found: ['premium_processing']
[petition] Page 68 → sending...
[petition] Page 68 done (4.6s)
[petition] Page 68 → Found: ['premium_processing']
[petition] Page 69 → sending...
[petition] Page 69 done (4.4s)
[petition] Page 69 → Found: ['premium_processing']
[petition] Page 70 → sending...
[petition] Page 70 done (4.7s)
[petition] Page 70 → Found: ['premium_processing']
[petition] Page 71 → sending...
[petition] Page 71 done (4.1s)
[petition] Page 71 → Found: ['premium_processing', 'beneficiary_industry']
[petition] Page 72 → sending...
[petition] Page 72 done (4.3s)
[petition] Page 72 → Found: ['premium_processing']
[petition] Page 73 → sending...
[petition] Page 73 done (4.5s)
[petition] Page 73 → Found: ['premium_processing']
[petition] Page 74 → sending...
[petition] Page 74 done (4.6s)
[petition] Page 74 → Found: ['premium_processing']
[petition] Page 75 → sending...
[petition] Page 75 done (4.6s)
[petition] Page 75 → Found: ['premium_processing', 'beneficiary_industry']
[petition] Page 76 → sending...
[petition] Page 76 done (4.7s)
[petition] Page 76 → Found: ['premium_processing']
[petition] Page 77 → sending...
[petition] Page 77 done (4.6s)
[petition] Page 77 → Found: ['premium_processing']
[petition] Page 78 → sending...
[petition] Page 78 done (4.7s)
[petition] Page 78 → Found: ['premium_processing']
[petition] Page 79 → sending...
[petition] Page 79 done (4.5s)
[petition] Page 79 → Found: ['premium_processing']
[petition] Page 80 → sending...
[petition] Page 80 done (4.2s)
[petition] Page 80 → No useful fields
[petition] Page 81 → sending...
[petition] Page 81 done (4.1s)
[petition] Page 81 → Found: ['premium_processing']
[petition] Page 82 → sending...
[petition] Page 82 done (4.5s)
[petition] Page 82 → Found: ['premium_processing']
[petition] Page 83 → sending...
[petition] Page 83 done (4.4s)
[petition] Page 83 → Found: ['premium_processing']
[petition] Page 84 → sending...
[petition] Page 84 done (4.6s)
[petition] Page 84 → Found: ['premium_processing']
[petition] Page 85 → sending...
[petition] Page 85 done (4.5s)
[petition] Page 85 → Found: ['premium_processing']
[petition] Page 86 → sending...
[petition] Page 86 done (4.5s)
[petition] Page 86 → Found: ['premium_processing']
[petition] Page 87 → sending...
[petition] Page 87 done (4.4s)
[petition] Page 87 → Found: ['premium_processing']
[petition] Page 88 → sending...
[petition] Page 88 done (4.5s)
[petition] Page 88 → Found: ['premium_processing']
[petition] Page 89 → sending...
[petition] Page 89 done (4.5s)
[petition] Page 89 → Found: ['premium_processing']
[petition] Page 90 → sending...
[petition] Page 90 done (4.5s)
[petition] Page 90 → Found: ['premium_processing']
[petition] Page 91 → sending...
[petition] Page 91 done (4.4s)
[petition] Page 91 → Found: ['premium_processing']
[petition] Page 92 → sending...
[petition] Page 92 done (4.5s)
[petition] Page 92 → Found: ['premium_processing']
[petition] Page 93 → sending...
[petition] Page 93 done (4.4s)
[petition] Page 93 → Found: ['premium_processing']
[petition] Page 94 → sending...
[petition] Page 94 done (4.5s)
[petition] Page 94 → Found: ['premium_processing']
[petition] Page 95 → sending...
[petition] Page 95 done (4.2s)
[petition] Page 95 → Found: ['premium_processing']
[petition] Page 96 → sending...
[petition] Page 96 done (4.3s)
[petition] Page 96 → Found: ['premium_processing']
[petition] Page 97 → sending...
[petition] Page 97 done (4.2s)
[petition] Page 97 → Found: ['premium_processing']
[petition] Page 98 → sending...
[petition] Page 98 done (5.0s)
[petition] Page 98 → Found: ['premium_processing']
[petition] Page 99 → sending...
[petition] Page 99 done (4.3s)
[petition] Page 99 → Found: ['premium_processing']
[petition] Page 100 → sending...
[petition] Page 100 done (4.3s)
[petition] Page 100 → Found: ['premium_processing']
[petition] Page 101 → sending...
[petition] Page 101 done (4.3s)
[petition] Page 101 → Found: ['premium_processing']
[petition] Page 102 → sending...
[petition] Page 102 done (4.2s)
[petition] Page 102 → Found: ['premium_processing']
[petition] Page 103 → sending...
[petition] Page 103 done (4.4s)
[petition] Page 103 → Found: ['premium_processing']
[petition] Page 104 → sending...
[petition] Page 104 done (4.4s)
[petition] Page 104 → Found: ['premium_processing']
[petition] Page 105 → sending...
[petition] Page 105 done (4.8s)
[petition] Page 105 → Found: ['premium_processing']
[petition] Page 106 → sending...
[petition] Page 106 done (4.7s)
[petition] Page 106 → Found: ['premium_processing']
[petition] Page 107 → sending...
[petition] Page 107 done (4.5s)
[petition] Page 107 → Found: ['premium_processing']
[petition] Page 108 → sending...
[petition] Page 108 done (6.5s)
[petition] Page 108 → Found: ['premium_processing']
[petition] Page 109 → sending...
[petition] Page 109 done (6.6s)
[petition] Page 109 → Found: ['premium_processing']
[petition] Page 110 → sending...
[petition] Page 110 done (7.0s)
[petition] Page 110 → Found: ['premium_processing']
[petition] Page 111 → sending...
[petition] Page 111 done (4.8s)
[petition] Page 111 → Found: ['premium_processing']
[petition] Page 112 → sending...
[petition] Page 112 done (4.5s)
[petition] Page 112 → Found: ['premium_processing']
[petition] Page 113 → sending...
[petition] Page 113 done (4.6s)
[petition] Page 113 → Found: ['premium_processing']
[petition] Page 114 → sending...
[petition] Page 114 done (4.4s)
[petition] Page 114 → Found: ['premium_processing']
[petition] Page 115 → sending...
[petition] Page 115 done (4.8s)
[petition] Page 115 → Found: ['premium_processing']
[petition] Page 116 → sending...
[petition] Page 116 done (4.5s)
[petition] Page 116 → Found: ['premium_processing']
[petition] Page 117 → sending...
[petition] Page 117 done (4.7s)
[petition] Page 117 → Found: ['premium_processing']
[petition] Page 118 → sending...
[petition] Page 118 done (4.6s)
[petition] Page 118 → Found: ['premium_processing']
[petition] Page 119 → sending...
[petition] Page 119 done (4.6s)
[petition] Page 119 → Found: ['premium_processing']
[petition] Page 120 → sending...
[petition] Page 120 done (4.5s)
[petition] Page 120 → Found: ['premium_processing']
[petition] Page 121 → sending...
[petition] Page 121 done (4.8s)
[petition] Page 121 → Found: ['premium_processing', 'beneficiary_industry', 'endeavor_field']
[petition] Page 122 → sending...
[petition] Page 122 done (6.8s)
[petition] Page 122 → Found: ['premium_processing']
[petition] Page 123 → sending...
[petition] Page 123 done (6.8s)
[petition] Page 123 → Found: ['premium_processing']
[petition] Page 124 → sending...
[petition] Page 124 done (4.6s)
[petition] Page 124 → Found: ['premium_processing', 'beneficiary_industry', 'endeavor_field']
[petition] Page 125 → sending...
[petition] Page 125 done (6.9s)
[petition] Page 125 → Found: ['premium_processing']
[petition] Page 126 → sending...
[petition] Page 126 done (4.8s)
[petition] Page 126 → Found: ['premium_processing']
[petition] Page 127 → sending...
[petition] Page 127 done (4.6s)
[petition] Page 127 → Found: ['premium_processing']
[petition] Page 128 → sending...
[petition] Page 128 done (4.6s)
[petition] Page 128 → Found: ['premium_processing']
[petition] Page 129 → sending...
[petition] Page 129 done (4.6s)
[petition] Page 129 → Found: ['premium_processing']
[petition] Page 130 → sending...
[petition] Page 130 done (4.6s)
[petition] Page 130 → Found: ['premium_processing']
[petition] Page 131 → sending...
[petition] Page 131 done (4.6s)
[petition] Page 131 → No useful fields
[petition] Page 132 → sending...
[petition] Page 132 done (4.6s)
[petition] Page 132 → Found: ['premium_processing']
[petition] Page 133 → sending...
[petition] Page 133 done (4.6s)
[petition] Page 133 → Found: ['premium_processing']
[petition] Page 134 → sending...
[petition] Page 134 done (4.6s)
[petition] Page 134 → Found: ['premium_processing']
[petition] Page 135 → sending...
[petition] Page 135 done (4.8s)
[petition] Page 135 → Found: ['premium_processing', 'beneficiary_industry', 'endeavor_field']
[petition] Page 136 → sending...
[petition] Page 136 done (4.7s)
[petition] Page 136 → Found: ['premium_processing', 'beneficiary_industry']
[petition] Page 137 → sending...
[petition] Page 137 done (6.7s)
[petition] Page 137 → Found: ['premium_processing']
[petition] Page 138 → sending...
[petition] Page 138 done (5.1s)
[petition] Page 138 → Found: ['premium_processing']
[petition] Page 139 → sending...
[petition] Page 139 done (4.6s)
[petition] Page 139 → Found: ['premium_processing']
[petition] Page 140 → sending...
[petition] Page 140 done (8.2s)
[petition] Page 140 → Found: ['premium_processing']
[petition] Page 141 → sending...
[petition] Page 141 done (4.9s)
[petition] Page 141 → Found: ['premium_processing']
[petition] Page 142 → sending...
[petition] Page 142 done (4.2s)
[petition] Page 142 → Found: ['premium_processing']
[petition] Page 143 → sending...
[petition] Page 143 done (4.5s)
[petition] Page 143 → Found: ['premium_processing']
[petition] Page 144 → sending...
[petition] Page 144 done (4.1s)
[petition] Page 144 → Found: ['premium_processing']
[petition] Page 145 → sending...
[petition] Page 145 done (4.5s)
[petition] Page 145 → Found: ['premium_processing']
[petition] Page 146 → sending...
[petition] Page 146 done (4.3s)
[petition] Page 146 → Found: ['premium_processing']
[petition] Page 147 → sending...
[petition] Page 147 done (4.2s)
[petition] Page 147 → Found: ['premium_processing']
[petition] Page 148 → sending...
[petition] Page 148 done (4.1s)
[petition] Page 148 → Found: ['premium_processing']
[petition] Page 149 → sending...
[petition] Page 149 done (4.4s)
[petition] Page 149 → Found: ['premium_processing']
[petition] Page 150 → sending...
[petition] Page 150 done (4.1s)
[petition] Page 150 → Found: ['premium_processing']
[petition] Page 151 → sending...
[petition] Page 151 done (4.5s)
[petition] Page 151 → Found: ['premium_processing']
[petition] Page 152 → sending...
[petition] Page 152 done (4.1s)
[petition] Page 152 → Found: ['premium_processing']
[petition] Page 153 → sending...
[petition] Page 153 done (4.6s)
[petition] Page 153 → Found: ['premium_processing']
[petition] Page 154 → sending...
[petition] Page 154 done (4.4s)
[petition] Page 154 → Found: ['premium_processing']
[petition] Page 155 → sending...
[petition] Page 155 done (4.4s)
[petition] Page 155 → Found: ['premium_processing']
[petition] Page 156 → sending...
[petition] Page 156 done (4.2s)
[petition] Page 156 → Found: ['premium_processing']
[petition] Page 157 → sending...
[petition] Page 157 done (4.5s)
[petition] Page 157 → Found: ['premium_processing']
[petition] Page 158 → sending...
[petition] Page 158 done (4.5s)
[petition] Page 158 → Found: ['premium_processing']
[petition] Page 159 → sending...
[petition] Page 159 done (4.5s)
[petition] Page 159 → Found: ['premium_processing']
[petition] Page 160 → sending...
[petition] Page 160 done (4.6s)
[petition] Page 160 → Found: ['premium_processing']
[petition] Page 161 → sending...
[petition] Page 161 done (4.5s)
[petition] Page 161 → Found: ['premium_processing']
[petition] Page 162 → sending...
[petition] Page 162 done (4.2s)
[petition] Page 162 → Found: ['premium_processing']
[petition] Page 163 → sending...
[petition] Page 163 done (4.3s)
[petition] Page 163 → Found: ['premium_processing']
[petition] Page 164 → sending...
[petition] Page 164 done (4.4s)
[petition] Page 164 → Found: ['premium_processing']
[petition] Page 165 → sending...
[petition] Page 165 done (4.2s)
[petition] Page 165 → Found: ['premium_processing']
[petition] Page 166 → sending...
[petition] Page 166 done (4.2s)
[petition] Page 166 → Found: ['premium_processing']
[petition] Page 167 → sending...
[petition] Page 167 done (4.3s)
[petition] Page 167 → Found: ['premium_processing']
[petition] Page 168 → sending...
[petition] Page 168 done (7.0s)
[petition] Page 168 → Found: ['premium_processing']
[petition] Page 169 → sending...
[petition] Page 169 done (5.0s)
[petition] Page 169 → Found: ['premium_processing']
[petition] Page 170 → sending...
[petition] Page 170 done (4.5s)
[petition] Page 170 → Found: ['premium_processing']
[petition] Page 171 → sending...
[petition] Page 171 done (4.5s)
[petition] Page 171 → Found: ['premium_processing']
[petition] Page 172 → sending...
[petition] Page 172 done (4.2s)
[petition] Page 172 → Found: ['premium_processing']
[petition] Page 173 → sending...
[petition] Page 173 done (4.3s)
[petition] Page 173 → Found: ['premium_processing']
[petition] Page 174 → sending...
[petition] Page 174 done (4.2s)
[petition] Page 174 → Found: ['premium_processing']
[petition] Page 175 → sending...
[petition] Page 175 done (4.3s)
[petition] Page 175 → Found: ['premium_processing']
[petition] Page 176 → sending...
[petition] Page 176 done (4.1s)
[petition] Page 176 → Found: ['premium_processing']
[petition] Page 177 → sending...
[petition] Page 177 done (4.3s)
[petition] Page 177 → Found: ['premium_processing']
[petition] Page 178 → sending...
[petition] Page 178 done (4.2s)
[petition] Page 178 → Found: ['premium_processing']
[petition] Page 179 → sending...
[petition] Page 179 done (4.4s)
[petition] Page 179 → Found: ['premium_processing']
[petition] Page 180 → sending...
[petition] Page 180 done (4.3s)
[petition] Page 180 → Found: ['premium_processing']
[petition] Page 181 → sending...
[petition] Page 181 done (4.4s)
[petition] Page 181 → Found: ['premium_processing']
[petition] Page 182 → sending...
[petition] Page 182 done (4.3s)
[petition] Page 182 → Found: ['premium_processing']
[petition] Page 183 → sending...
[petition] Page 183 done (6.7s)
[petition] Page 183 → Found: ['premium_processing']
[petition] Page 184 → sending...
[petition] Page 184 done (4.4s)
[petition] Page 184 → Found: ['premium_processing']
[petition] Page 185 → sending...
[petition] Page 185 done (4.5s)
[petition] Page 185 → Found: ['premium_processing']
[petition] Page 186 → sending...
[petition] Page 186 done (4.4s)
[petition] Page 186 → Found: ['premium_processing']
[petition] Page 187 → sending...
[petition] Page 187 done (4.2s)
[petition] Page 187 → Found: ['premium_processing']
[petition] Page 188 → sending...
[petition] Page 188 done (4.5s)
[petition] Page 188 → Found: ['premium_processing']
[petition] Page 189 → sending...
[petition] Page 189 done (4.3s)
[petition] Page 189 → Found: ['premium_processing']
[petition] Page 190 → sending...
[petition] Page 190 done (4.2s)
[petition] Page 190 → Found: ['premium_processing']
[petition] Page 191 → sending...
[petition] Page 191 done (4.7s)
[petition] Page 191 → Found: ['premium_processing']
[petition] Page 192 → sending...
[petition] Page 192 done (4.1s)
[petition] Page 192 → Found: ['premium_processing']
[petition] Page 193 → sending...
[petition] Page 193 done (4.5s)
[petition] Page 193 → Found: ['premium_processing']
[petition] Page 194 → sending...
[petition] Page 194 done (4.3s)
[petition] Page 194 → Found: ['premium_processing']
[petition] Page 195 → sending...
[petition] Page 195 done (4.5s)
[petition] Page 195 → Found: ['premium_processing']
[petition] Page 196 → sending...
[petition] Page 196 done (4.5s)
[petition] Page 196 → Found: ['premium_processing']
[petition] Page 197 → sending...
[petition] Page 197 done (4.2s)
[petition] Page 197 → Found: ['premium_processing']
[petition] Page 198 → sending...
[petition] Page 198 done (4.6s)
[petition] Page 198 → Found: ['premium_processing']
[petition] Page 199 → sending...
[petition] Page 199 done (4.1s)
[petition] Page 199 → Found: ['premium_processing']
[petition] Page 200 → sending...
[petition] Page 200 done (4.2s)
[petition] Page 200 → Found: ['premium_processing', 'endeavor_field']
[petition] Page 201 → sending...
[petition] Page 201 done (4.4s)
[petition] Page 201 → Found: ['premium_processing']
[petition] Page 202 → sending...
[petition] Page 202 done (4.3s)
[petition] Page 202 → Found: ['premium_processing']
[petition] Page 203 → sending...
[petition] Page 203 done (4.2s)
[petition] Page 203 → Found: ['premium_processing']
[petition] Page 204 → sending...
[petition] Page 204 done (4.2s)
[petition] Page 204 → Found: ['premium_processing']
[petition] Page 205 → sending...
[petition] Page 205 done (4.4s)
[petition] Page 205 → Found: ['premium_processing']
[petition] Page 206 → sending...
[petition] Page 206 done (4.3s)
[petition] Page 206 → Found: ['premium_processing']
[petition] Page 207 → sending...
[petition] Page 207 done (4.2s)
[petition] Page 207 → Found: ['premium_processing']
[petition] Page 208 → sending...
[petition] Page 208 done (4.3s)
[petition] Page 208 → Found: ['premium_processing']
[petition] Page 209 → sending...
[petition] Page 209 done (4.2s)
[petition] Page 209 → Found: ['premium_processing', 'beneficiary_industry', 'endeavor_field']
[petition] Page 210 → sending...
[petition] Page 210 done (4.3s)
[petition] Page 210 → Found: ['premium_processing']
[petition] Page 211 → sending...
[petition] Page 211 done (4.1s)
[petition] Page 211 → Found: ['premium_processing']
[petition] Page 212 → sending...
[petition] Page 212 done (4.6s)
[petition] Page 212 → Found: ['premium_processing', 'beneficiary_industry', 'endeavor_field']
[petition] Page 213 → sending...
[petition] Page 213 done (4.4s)
[petition] Page 213 → Found: ['premium_processing']
[petition] Page 214 → sending...
[petition] Page 214 done (4.5s)
[petition] Page 214 → Found: ['premium_processing']
[petition] Page 215 → sending...
[petition] Page 215 done (4.4s)
[petition] Page 215 → Found: ['premium_processing']
[petition] Page 216 → sending...
[petition] Page 216 done (4.4s)
[petition] Page 216 → Found: ['premium_processing']
[petition] Page 217 → sending...
[petition] Page 217 done (4.4s)
[petition] Page 217 → Found: ['premium_processing', 'beneficiary_industry', 'endeavor_field']
[petition] Page 218 → sending...
[petition] Page 218 done (4.5s)
[petition] Page 218 → Found: ['premium_processing']
[petition] Page 219 → sending...
[petition] Page 219 done (4.5s)
[petition] Page 219 → Found: ['premium_processing', 'beneficiary_industry', 'endeavor_field']
[petition] Page 220 → sending...
[petition] Page 220 done (4.6s)
[petition] Page 220 → Found: ['premium_processing']
[petition] Page 221 → sending...
[petition] Page 221 done (4.4s)
[petition] Page 221 → Found: ['premium_processing']
[petition] Page 222 → sending...
[petition] Page 222 done (4.5s)
[petition] Page 222 → Found: ['premium_processing']
[petition] Page 223 → sending...
[petition] Page 223 done (4.5s)
[petition] Page 223 → Found: ['premium_processing', 'beneficiary_industry', 'endeavor_field']
[petition] Page 224 → sending...
[petition] Page 224 done (4.4s)
[petition] Page 224 → Found: ['premium_processing', 'endeavor_field']
[petition] Page 225 → sending...
[petition] Page 225 done (4.4s)
[petition] Page 225 → Found: ['premium_processing']
[petition] Page 226 → sending...
[petition] Page 226 done (4.4s)
[petition] Page 226 → Found: ['premium_processing']
[petition] Page 227 → sending...
[petition] Page 227 done (4.1s)
[petition] Page 227 → Found: ['premium_processing']
[petition] Page 228 → sending...
[petition] Page 228 done (4.3s)
[petition] Page 228 → Found: ['premium_processing']
[petition] Page 229 → sending...
[petition] Page 229 done (4.4s)
[petition] Page 229 → Found: ['premium_processing', 'beneficiary_industry', 'endeavor_field']
[petition] Page 230 → sending...
[petition] Page 230 done (4.2s)
[petition] Page 230 → Found: ['premium_processing']
[petition] Page 231 → sending...
[petition] Page 231 done (4.4s)
[petition] Page 231 → Found: ['premium_processing']
[petition] Page 232 → sending...
[petition] Page 232 done (4.2s)
[petition] Page 232 → Found: ['premium_processing']
[petition] Page 233 → sending...
[petition] Page 233 done (4.1s)
[petition] Page 233 → Found: ['premium_processing']
[petition] Page 234 → sending...
[petition] Page 234 done (4.1s)
[petition] Page 234 → Found: ['premium_processing']
[petition] Page 235 → sending...
[petition] Page 235 done (4.3s)
[petition] Page 235 → Found: ['premium_processing']
[petition] Page 236 → sending...
[petition] Page 236 done (4.4s)
[petition] Page 236 → Found: ['premium_processing']
[petition] Page 237 → sending...
[petition] Page 237 done (4.2s)
[petition] Page 237 → Found: ['premium_processing']
[petition] Page 238 → sending...
[petition] Page 238 done (4.3s)
[petition] Page 238 → Found: ['petition_type', 'premium_processing', 'employer_sponsored', 'self_petition']
[petition] Page 239 → sending...
[petition] Page 239 done (4.4s)
[petition] Page 239 → Found: ['petition_type', 'premium_processing', 'employer_sponsored', 'self_petition', 'criteria_claimed_count', 'major_award_claimed', 'publications_included', 'judging_others_work_claimed']
[petition] Page 240 → sending...
[petition] Page 240 done (4.2s)
[petition] Page 240 → Found: ['premium_processing']
[petition] Page 241 → sending...
[petition] Page 241 done (4.3s)
[petition] Page 241 → Found: ['premium_processing']
[petition] Page 242 → sending...
[petition] Page 242 done (4.5s)
[petition] Page 242 → Found: ['premium_processing', 'employer_sponsored', 'self_petition']
[petition] Page 243 → sending...
[petition] Page 243 done (4.4s)
[petition] Page 243 → Found: ['petition_type', 'premium_processing', 'employer_sponsored', 'self_petition']
[petition] Page 244 → sending...
[petition] Page 244 done (4.2s)
[petition] Page 244 → Found: ['premium_processing']
[petition] Page 245 → sending...
[petition] Page 245 done (4.4s)
[petition] Page 245 → Found: ['premium_processing']
[petition] Page 246 → sending...
[petition] Page 246 done (4.3s)
[petition] Page 246 → Found: ['premium_processing']
[petition] Page 247 → sending...
[petition] Page 247 done (4.3s)
[petition] Page 247 → Found: ['premium_processing']
[petition] Page 248 → sending...
[petition] Page 248 done (4.3s)
[petition] Page 248 → Found: ['premium_processing']
[petition] Page 249 → sending...
[petition] Page 249 done (4.3s)
[petition] Page 249 → Found: ['premium_processing']
[petition] Page 250 → sending...
[petition] Page 250 done (4.5s)
[petition] Page 250 → Found: ['premium_processing']
[petition] Page 251 → sending...
[petition] Page 251 done (4.4s)
[petition] Page 251 → Found: ['premium_processing']
[petition] Page 252 → sending...
[petition] Page 252 done (4.1s)
[petition] Page 252 → Found: ['premium_processing']
[petition] Page 253 → sending...
[petition] Page 253 done (4.4s)
[petition] Page 253 → Found: ['premium_processing']
[petition] Page 254 → sending...
[petition] Page 254 done (4.6s)
[petition] Page 254 → Found: ['premium_processing']
[petition] Page 255 → sending...
[petition] Page 255 done (4.4s)
[petition] Page 255 → Found: ['premium_processing']
[petition] Page 256 → sending...
[petition] Page 256 done (4.4s)
[petition] Page 256 → Found: ['premium_processing']
[petition] Page 257 → sending...
[petition] Page 257 done (4.3s)
[petition] Page 257 → Found: ['premium_processing']
[petition] Page 258 → sending...
[petition] Page 258 done (4.4s)
[petition] Page 258 → Found: ['premium_processing']
[petition] Page 259 → sending...
[petition] Page 259 done (4.2s)
[petition] Page 259 → Found: ['premium_processing']
[petition] Page 260 → sending...
[petition] Page 260 done (4.4s)
[petition] Page 260 → Found: ['premium_processing', 'employer_sponsored', 'self_petition']
[petition] Page 261 → sending...
[petition] Page 261 done (4.3s)
[petition] Page 261 → Found: ['premium_processing']
[petition] Page 262 → sending...
[petition] Page 262 done (4.4s)
[petition] Page 262 → Found: ['premium_processing']
[petition] Page 263 → sending...
[petition] Page 263 done (4.3s)
[petition] Page 263 → Found: ['premium_processing']
[petition] Page 264 → sending...
[petition] Page 264 done (4.4s)
[petition] Page 264 → Found: ['premium_processing']
[petition] Page 265 → sending...
[petition] Page 265 done (4.3s)
[petition] Page 265 → No useful fields
[petition] Page 266 → sending...
[petition] Page 266 done (4.4s)
[petition] Page 266 → Found: ['premium_processing']
[petition] Page 267 → sending...
[petition] Page 267 done (4.3s)
[petition] Page 267 → Found: ['premium_processing']
[petition] Page 268 → sending...
[petition] Page 268 done (4.2s)
[petition] Page 268 → Found: ['premium_processing']
[petition] Page 269 → sending...
[petition] Page 269 done (4.3s)
[petition] Page 269 → Found: ['premium_processing']
[petition] Page 270 → sending...
[petition] Page 270 done (4.3s)
[petition] Page 270 → Found: ['premium_processing']
[petition] Page 271 → sending...
[petition] Page 271 done (4.2s)
[petition] Page 271 → Found: ['premium_processing']
[petition] Page 272 → sending...
[petition] Page 272 done (4.3s)
[petition] Page 272 → Found: ['premium_processing']
[petition] Page 273 → sending...
[petition] Page 273 done (4.3s)
[petition] Page 273 → Found: ['premium_processing']
[petition] Page 274 → sending...
[petition] Page 274 done (4.4s)
[petition] Page 274 → Found: ['premium_processing']
[petition] Page 275 → sending...
[petition] Page 275 done (4.3s)
[petition] Page 275 → Found: ['premium_processing']
[petition] Page 276 → sending...
[petition] Page 276 done (4.4s)
[petition] Page 276 → Found: ['premium_processing']
[petition] Page 277 → sending...
[petition] Page 277 done (4.5s)
[petition] Page 277 → Found: ['premium_processing']
[petition] Page 278 → sending...
[petition] Page 278 done (4.4s)
[petition] Page 278 → Found: ['premium_processing']
[petition] Page 279 → sending...
[petition] Page 279 done (4.3s)
[petition] Page 279 → Found: ['premium_processing', 'employer_sponsored', 'self_petition']
[petition] Page 280 → sending...
[petition] Page 280 done (4.6s)
[petition] Page 280 → Found: ['premium_processing']
[petition] Page 281 → sending...
[petition] Page 281 done (4.3s)
[petition] Page 281 → Found: ['petition_type', 'premium_processing']
[petition] Page 282 → sending...
[petition] Page 282 done (4.4s)
[petition] Page 282 → Found: ['premium_processing']
[petition] Page 283 → sending...
[petition] Page 283 done (4.4s)
[petition] Page 283 → Found: ['premium_processing']
[petition] Page 284 → sending...
[petition] Page 284 done (4.3s)
[petition] Page 284 → Found: ['premium_processing']
[petition] Page 285 → sending...
[petition] Page 285 done (4.5s)
[petition] Page 285 → Found: ['petition_type', 'premium_processing']
[petition] Page 286 → sending...
[petition] Page 286 done (4.6s)
[petition] Page 286 → Found: ['premium_processing']
[petition] Page 287 → sending...
[petition] Page 287 done (4.6s)
[petition] Page 287 → Found: ['petition_type', 'premium_processing', 'employer_sponsored', 'self_petition', 'beneficiary_industry', 'eb2_basis', 'endeavor_field']
[petition] Page 288 → sending...
[petition] Page 288 done (4.4s)
[petition] Page 288 → Found: ['premium_processing']
[petition] Page 289 → sending...
[petition] Page 289 done (4.3s)
[petition] Page 289 → Found: ['premium_processing']
[petition] Page 290 → sending...
[petition] Page 290 done (4.1s)
[petition] Page 290 → Found: ['premium_processing']
[petition] Page 291 → sending...
[petition] Page 291 done (4.1s)
[petition] Page 291 → Found: ['premium_processing']
[petition] Page 292 → sending...
[petition] Page 292 done (4.3s)
[petition] Page 292 → Found: ['premium_processing']
[petition] Page 293 → sending...
[petition] Page 293 done (4.2s)
[petition] Page 293 → Found: ['premium_processing']
[petition] Page 294 → sending...
[petition] Page 294 done (4.3s)
[petition] Page 294 → Found: ['premium_processing']
[petition] Page 295 → sending...
[petition] Page 295 done (6.3s)
[petition] Page 295 → Found: ['premium_processing']
[petition] Page 296 → sending...
[petition] Page 296 done (4.3s)
[petition] Page 296 → Found: ['premium_processing']
[petition] Page 297 → sending...
[petition] Page 297 done (6.7s)
[petition] Page 297 → Found: ['premium_processing']
[petition] Page 298 → sending...
[petition] Page 298 done (4.4s)
[petition] Page 298 → Found: ['premium_processing']
[petition] Page 299 → sending...
[petition] Page 299 done (4.2s)
[petition] Page 299 → Found: ['premium_processing']
[petition] Page 300 → sending...
[petition] Page 300 done (4.1s)
[petition] Page 300 → Found: ['premium_processing']
[petition] Page 301 → sending...
[petition] Page 301 done (4.1s)
[petition] Page 301 → Found: ['premium_processing']
[petition] Page 302 → sending...
[petition] Page 302 done (4.2s)
[petition] Page 302 → Found: ['premium_processing']
[petition] Page 303 → sending...
[petition] Page 303 done (4.4s)
[petition] Page 303 → Found: ['premium_processing']
[petition] Page 304 → sending...
[petition] Page 304 done (4.6s)
[petition] Page 304 → Found: ['premium_processing']
[petition] Page 305 → sending...
[petition] Page 305 done (4.5s)
[petition] Page 305 → Found: ['premium_processing']
[petition] Page 306 → sending...
[petition] Page 306 done (4.5s)
[petition] Page 306 → Found: ['premium_processing']
[petition] Page 307 → sending...
[petition] Page 307 done (4.5s)
[petition] Page 307 → Found: ['premium_processing']
[petition] Page 308 → sending...
[petition] Page 308 done (4.4s)
[petition] Page 308 → Found: ['premium_processing']
[petition] Page 309 → sending...
[petition] Page 309 done (4.5s)
[petition] Page 309 → Found: ['premium_processing']
[petition] Page 310 → sending...
[petition] Page 310 done (4.4s)
[petition] Page 310 → Found: ['premium_processing']
[petition] Page 311 → sending...
[petition] Page 311 done (4.4s)
[petition] Page 311 → Found: ['premium_processing']
[petition] Page 312 → sending...
[petition] Page 312 done (4.6s)
[petition] Page 312 → Found: ['premium_processing']
[petition] Page 313 → sending...
[petition] Page 313 done (4.4s)
[petition] Page 313 → Found: ['premium_processing']
[petition] Page 314 → sending...
[petition] Page 314 done (4.4s)
[petition] Page 314 → Found: ['premium_processing']
[petition] Page 315 → sending...
[petition] Page 315 done (4.5s)
[petition] Page 315 → Found: ['premium_processing']
[petition] Page 316 → sending...
[petition] Page 316 done (4.6s)
[petition] Page 316 → Found: ['premium_processing']
[petition] Page 317 → sending...
[petition] Page 317 done (4.4s)
[petition] Page 317 → Found: ['premium_processing']
[petition] Page 318 → sending...
[petition] Page 318 done (4.5s)
[petition] Page 318 → Found: ['premium_processing']
[petition] Page 319 → sending...
[petition] Page 319 done (4.5s)
[petition] Page 319 → Found: ['premium_processing']
[petition] Page 320 → sending...
[petition] Page 320 done (4.4s)
[petition] Page 320 → Found: ['premium_processing']
[petition] Page 321 → sending...
[petition] Page 321 done (4.5s)
[petition] Page 321 → Found: ['premium_processing']
[petition] Page 322 → sending...
[petition] Page 322 done (4.6s)
[petition] Page 322 → Found: ['premium_processing']
[petition] Page 323 → sending...
[petition] Page 323 done (4.4s)
[petition] Page 323 → Found: ['premium_processing']
[petition] Page 324 → sending...
[petition] Page 324 done (4.6s)
[petition] Page 324 → Found: ['premium_processing']
[petition] Page 325 → sending...
[petition] Page 325 done (4.4s)
[petition] Page 325 → Found: ['premium_processing']
[petition] Page 326 → sending...
[petition] Page 326 done (4.5s)
[petition] Page 326 → Found: ['premium_processing']
[petition] Page 327 → sending...
[petition] Page 327 done (4.5s)
[petition] Page 327 → Found: ['premium_processing']
[petition] Page 328 → sending...
[petition] Page 328 done (4.7s)
[petition] Page 328 → Found: ['premium_processing']
[petition] Page 329 → sending...
[petition] Page 329 done (4.4s)
[petition] Page 329 → Found: ['premium_processing']
[petition] Page 330 → sending...
[petition] Page 330 done (4.6s)
[petition] Page 330 → Found: ['premium_processing']
[petition] Page 331 → sending...
[petition] Page 331 done (4.5s)
[petition] Page 331 → Found: ['premium_processing']
[petition] Page 332 → sending...
[petition] Page 332 done (4.6s)
[petition] Page 332 → Found: ['premium_processing']
[petition] Page 333 → sending...
[petition] Page 333 done (4.3s)
[petition] Page 333 → Found: ['premium_processing']
[petition] Page 334 → sending...
[petition] Page 334 done (4.1s)
[petition] Page 334 → Found: ['premium_processing']
[petition] Page 335 → sending...
[petition] Page 335 done (4.2s)
[petition] Page 335 → Found: ['premium_processing']
[petition] Page 336 → sending...
[petition] Page 336 done (4.3s)
[petition] Page 336 → Found: ['premium_processing']
[petition] Page 337 → sending...
[petition] Page 337 done (4.2s)
[petition] Page 337 → Found: ['premium_processing']
[petition] Page 338 → sending...
[petition] Page 338 done (4.3s)
[petition] Page 338 → Found: ['premium_processing']
[petition] Page 339 → sending...
[petition] Page 339 done (4.2s)
[petition] Page 339 → Found: ['premium_processing']
[petition] Page 340 → sending...
[petition] Page 340 done (4.4s)
[petition] Page 340 → Found: ['premium_processing']
[petition] Page 341 → sending...
[petition] Page 341 done (4.2s)
[petition] Page 341 → Found: ['premium_processing']
[petition] Page 342 → sending...
[petition] Page 342 done (4.2s)
[petition] Page 342 → Found: ['premium_processing']
[petition] Page 343 → sending...
[petition] Page 343 done (7.0s)
[petition] Page 343 → Found: ['premium_processing']
[petition] Page 344 → sending...
[petition] Page 344 done (4.6s)
[petition] Page 344 → Found: ['premium_processing']
[petition] Page 345 → sending...
[petition] Page 345 done (4.3s)
[petition] Page 345 → Found: ['premium_processing']
[petition] Page 346 → sending...
[petition] Page 346 done (4.3s)
[petition] Page 346 → Found: ['premium_processing']
[petition] Page 347 → sending...
[petition] Page 347 done (4.2s)
[petition] Page 347 → Found: ['premium_processing']
[petition] Page 348 → sending...
[petition] Page 348 done (4.4s)
[petition] Page 348 → Found: ['premium_processing']
[petition] Page 349 → sending...
[petition] Page 349 done (4.1s)
[petition] Page 349 → Found: ['premium_processing']
[petition] Page 350 → sending...
[petition] Page 350 done (4.0s)
[petition] Page 350 → Found: ['premium_processing']
[petition] Page 351 → sending...
[petition] Page 351 done (4.3s)
[petition] Page 351 → Found: ['premium_processing']
[petition] Page 352 → sending...
[petition] Page 352 done (4.3s)
[petition] Page 352 → Found: ['premium_processing']
[petition] Page 353 → sending...
[petition] Page 353 done (4.2s)
[petition] Page 353 → No useful fields
[petition] Page 354 → sending...
[petition] Page 354 done (4.4s)
[petition] Page 354 → Found: ['premium_processing']
[petition] Page 355 → sending...
[petition] Page 355 done (4.1s)
[petition] Page 355 → Found: ['premium_processing', 'employer_sponsored', 'self_petition']
[petition] Page 356 → sending...
[petition] Page 356 done (4.2s)
[petition] Page 356 → Found: ['premium_processing']
[petition] Page 357 → sending...
[petition] Page 357 done (4.2s)
[petition] Page 357 → Found: ['premium_processing']
[petition] Page 358 → sending...
[petition] Page 358 done (5.7s)
[petition] Page 358 → Found: ['premium_processing']
[petition] Page 359 → sending...
[petition] Page 359 done (4.6s)
[petition] Page 359 → Found: ['petition_type', 'premium_processing', 'employer_sponsored', 'self_petition', 'beneficiary_industry']
[petition] Page 360 → sending...
[petition] Page 360 done (4.4s)
[petition] Page 360 → Found: ['premium_processing']
[petition] Page 361 → sending...
[petition] Page 361 done (4.3s)
[petition] Page 361 → Found: ['premium_processing']
[petition] Page 362 → sending...
[petition] Page 362 done (4.3s)
[petition] Page 362 → Found: ['premium_processing']
[petition] Page 363 → sending...
[petition] Page 363 done (4.5s)
[petition] Page 363 → Found: ['premium_processing']
[petition] Page 364 → sending...
[petition] Page 364 done (4.4s)
[petition] Page 364 → Found: ['premium_processing']
[petition] Page 365 → sending...
[petition] Page 365 done (4.3s)
[petition] Page 365 → Found: ['premium_processing']
[petition] Page 366 → sending...
[petition] Page 366 done (4.2s)
[petition] Page 366 → Found: ['premium_processing']
[petition] Page 367 → sending...
[petition] Page 367 done (4.4s)
[petition] Page 367 → Found: ['premium_processing']
[petition] Page 368 → sending...
[petition] Page 368 done (4.1s)
[petition] Page 368 → Found: ['premium_processing']
[petition] Page 369 → sending...
[petition] Page 369 done (4.3s)
[petition] Page 369 → Found: ['premium_processing', 'employer_sponsored', 'self_petition']
[petition] Page 370 → sending...
[petition] Page 370 done (4.4s)
[petition] Page 370 → Found: ['premium_processing']
[petition] Page 371 → sending...
[petition] Page 371 done (4.2s)
[petition] Page 371 → Found: ['premium_processing']
[petition] Page 372 → sending...
[petition] Page 372 done (4.2s)
[petition] Page 372 → Found: ['premium_processing']
[petition] Page 373 → sending...
[petition] Page 373 done (4.6s)
[petition] Page 373 → Found: ['premium_processing']
[petition] Page 374 → sending...
[petition] Page 374 done (4.4s)
[petition] Page 374 → Found: ['premium_processing']
[petition] Page 375 → sending...
[petition] Page 375 done (4.3s)
[petition] Page 375 → Found: ['premium_processing']
[petition] Page 376 → sending...
[petition] Page 376 done (4.1s)
[petition] Page 376 → Found: ['premium_processing']
[petition] Page 377 → sending...
[petition] Page 377 done (4.2s)
[petition] Page 377 → Found: ['premium_processing']
[petition] Page 378 → sending...
[petition] Page 378 done (4.4s)
[petition] Page 378 → Found: ['premium_processing', 'beneficiary_industry']
[petition] Page 379 → sending...
[petition] Page 379 done (4.3s)
[petition] Page 379 → Found: ['premium_processing']
[petition] Page 380 → sending...
[petition] Page 380 done (4.3s)
[petition] Page 380 → Found: ['premium_processing']
[petition] Page 381 → sending...
[petition] Page 381 done (4.9s)
[petition] Page 381 → Found: ['premium_processing']
[petition] Page 382 → sending...
[petition] Page 382 done (4.1s)
[petition] Page 382 → Found: ['premium_processing']
[petition] Page 383 → sending...
[petition] Page 383 done (4.6s)
[petition] Page 383 → Found: ['premium_processing', 'employer_sponsored', 'self_petition', 'beneficiary_industry', 'endeavor_field']
[petition] Page 384 → sending...
[petition] Page 384 done (4.4s)
[petition] Page 384 → Found: ['premium_processing', 'endeavor_field']
[petition] Page 385 → sending...
[petition] Page 385 done (4.4s)
[petition] Page 385 → Found: ['premium_processing']
[petition] Page 386 → sending...
[petition] Page 386 done (4.3s)
[petition] Page 386 → Found: ['premium_processing']
[petition] Page 387 → sending...
[petition] Page 387 done (4.3s)
[petition] Page 387 → Found: ['premium_processing']
[petition] Page 388 → sending...
[petition] Page 388 done (4.4s)
[petition] Page 388 → Found: ['premium_processing']
[petition] Page 389 → sending...
[petition] Page 389 done (4.3s)
[petition] Page 389 → Found: ['premium_processing', 'employer_sponsored', 'self_petition']
[petition] Page 390 → sending...
[petition] Page 390 done (4.3s)
[petition] Page 390 → Found: ['premium_processing']
[petition] Page 391 → sending...
[petition] Page 391 done (4.5s)
[petition] Page 391 → Found: ['premium_processing']
[petition] Page 392 → sending...
[petition] Page 392 done (4.3s)
[petition] Page 392 → Found: ['premium_processing']
[petition] Page 393 → sending...
[petition] Page 393 done (4.3s)
[petition] Page 393 → Found: ['premium_processing']
[petition] Page 394 → sending...
[petition] Page 394 done (4.2s)
[petition] Page 394 → Found: ['premium_processing']
[petition] Page 395 → sending...
[petition] Page 395 done (4.3s)
[petition] Page 395 → Found: ['premium_processing']
[petition] Page 396 → sending...
[petition] Page 396 done (4.3s)
[petition] Page 396 → Found: ['premium_processing']
[petition] Page 397 → sending...
[petition] Page 397 done (4.2s)
[petition] Page 397 → Found: ['premium_processing']
[petition] Page 398 → sending...
[petition] Page 398 done (4.2s)
[petition] Page 398 → Found: ['premium_processing']
[petition] Page 399 → sending...
[petition] Page 399 done (4.4s)
[petition] Page 399 → Found: ['premium_processing']
[petition] Page 400 → sending...
[petition] Page 400 done (4.2s)
[petition] Page 400 → Found: ['premium_processing']
[petition] Page 401 → sending...
[petition] Page 401 done (4.3s)
[petition] Page 401 → Found: ['premium_processing']
[petition] Page 402 → sending...
[petition] Page 402 done (4.4s)
[petition] Page 402 → Found: ['premium_processing']
[petition] Page 403 → sending...
[petition] Page 403 done (4.5s)
[petition] Page 403 → Found: ['premium_processing']
[petition] Page 404 → sending...
[petition] Page 404 done (4.3s)
[petition] Page 404 → Found: ['premium_processing']
[petition] Page 405 → sending...
[petition] Page 405 done (4.5s)
[petition] Page 405 → Found: ['premium_processing', 'beneficiary_industry', 'endeavor_field']
[petition] Page 406 → sending...
[petition] Page 406 done (4.4s)
[petition] Page 406 → Found: ['premium_processing']
[petition] Page 407 → sending...
[petition] Page 407 done (4.3s)
[petition] Page 407 → Found: ['premium_processing']
[petition] Page 408 → sending...
[petition] Page 408 done (4.3s)
[petition] Page 408 → Found: ['premium_processing']
[petition] Page 409 → sending...
[petition] Page 409 done (4.3s)
[petition] Page 409 → Found: ['premium_processing']
[petition] Page 410 → sending...
[petition] Page 410 done (4.1s)
[petition] Page 410 → Found: ['premium_processing']
[petition] Page 411 → sending...
[petition] Page 411 done (4.2s)
[petition] Page 411 → Found: ['premium_processing']
[petition] Page 412 → sending...
[petition] Page 412 done (4.4s)
[petition] Page 412 → Found: ['premium_processing']
[petition] Page 413 → sending...
[petition] Page 413 done (4.3s)
[petition] Page 413 → Found: ['premium_processing']
[petition] Page 414 → sending...
[petition] Page 414 done (4.3s)
[petition] Page 414 → Found: ['premium_processing']
[petition] Page 415 → sending...
[petition] Page 415 done (4.5s)
[petition] Page 415 → Found: ['premium_processing']
[petition] Page 416 → sending...
[petition] Page 416 done (4.1s)
[petition] Page 416 → Found: ['premium_processing']
[petition] Page 417 → sending...
[petition] Page 417 done (4.4s)
[petition] Page 417 → Found: ['premium_processing']
[petition] Page 418 → sending...
[petition] Page 418 done (4.3s)
[petition] Page 418 → Found: ['premium_processing']
[petition] Page 419 → sending...
[petition] Page 419 done (4.7s)
[petition] Page 419 → Found: ['premium_processing', 'employer_sponsored', 'self_petition', 'beneficiary_industry', 'major_award_claimed', 'publications_included', 'judging_others_work_claimed', 'high_salary_claimed', 'endeavor_field']
[petition] Page 420 → sending...
[petition] Page 420 done (4.2s)
[petition] Page 420 → Found: ['premium_processing']
[petition] Page 421 → sending...
[petition] Page 421 done (6.3s)
[petition] Page 421 → Found: ['premium_processing', 'endeavor_field']
[petition] Page 422 → sending...
[petition] Page 422 done (4.4s)
[petition] Page 422 → Found: ['premium_processing']
[petition] Page 423 → sending...
[petition] Page 423 done (4.3s)
[petition] Page 423 → Found: ['premium_processing']
[petition] Page 424 → sending...
[petition] Page 424 done (4.5s)
[petition] Page 424 → Found: ['premium_processing']
[petition] Page 425 → sending...
[petition] Page 425 done (4.3s)
[petition] Page 425 → Found: ['premium_processing']
[petition] Page 426 → sending...
[petition] Page 426 done (4.2s)
[petition] Page 426 → Found: ['premium_processing']
[petition] Page 427 → sending...
[petition] Page 427 done (4.2s)
[petition] Page 427 → Found: ['premium_processing']
[petition] Page 428 → sending...
[petition] Page 428 done (4.3s)
[petition] Page 428 → Found: ['premium_processing']
[petition] Page 429 → sending...
[petition] Page 429 done (4.2s)
[petition] Page 429 → Found: ['premium_processing']
[petition] Page 430 → sending...
[petition] Page 430 done (4.2s)
[petition] Page 430 → Found: ['premium_processing']
[petition] Page 431 → sending...
[petition] Page 431 done (4.2s)
[petition] Page 431 → Found: ['premium_processing']
[petition] Page 432 → sending...
[petition] Page 432 done (4.4s)
[petition] Page 432 → Found: ['premium_processing']
[petition] Page 433 → sending...
[petition] Page 433 done (4.3s)
[petition] Page 433 → Found: ['premium_processing']
[petition] Page 434 → sending...
[petition] Page 434 done (4.3s)
[petition] Page 434 → Found: ['premium_processing']
[petition] Page 435 → sending...
[petition] Page 435 done (4.4s)
[petition] Page 435 → Found: ['premium_processing']
[petition] Page 436 → sending...
[petition] Page 436 done (4.3s)
[petition] Page 436 → Found: ['premium_processing']
[petition] Page 437 → sending...
[petition] Page 437 done (4.2s)
[petition] Page 437 → Found: ['premium_processing']
[petition] Page 438 → sending...
[petition] Page 438 done (4.5s)
[petition] Page 438 → Found: ['premium_processing']
[petition] Page 439 → sending...
[petition] Page 439 done (4.3s)
[petition] Page 439 → Found: ['premium_processing', 'beneficiary_industry']
[petition] Page 440 → sending...
[petition] Page 440 done (4.4s)
[petition] Page 440 → Found: ['premium_processing']
[petition] Page 441 → sending...
[petition] Page 441 done (4.2s)
[petition] Page 441 → Found: ['premium_processing']
[petition] Page 442 → sending...
[petition] Page 442 done (4.2s)
[petition] Page 442 → Found: ['premium_processing']
[petition] Page 443 → sending...
[petition] Page 443 done (4.1s)
[petition] Page 443 → Found: ['premium_processing']
[petition] Page 444 → sending...
[petition] Page 444 done (4.3s)
[petition] Page 444 → Found: ['premium_processing']
[petition] Page 445 → sending...
[petition] Page 445 done (6.1s)
[petition] Page 445 → Found: ['premium_processing']
[petition] Page 446 → sending...
[petition] Page 446 done (4.5s)
[petition] Page 446 → Found: ['premium_processing']
[petition] Page 447 → sending...
[petition] Page 447 done (4.4s)
[petition] Page 447 → Found: ['premium_processing', 'employer_sponsored', 'self_petition']
[petition] Page 448 → sending...
[petition] Page 448 done (4.5s)
[petition] Page 448 → Found: ['premium_processing', 'employer_sponsored', 'self_petition', 'beneficiary_industry']
[petition] Page 449 → sending...
[petition] Page 449 done (4.4s)
[petition] Page 449 → Found: ['premium_processing']
[petition] Page 450 → sending...
[petition] Page 450 done (4.3s)
[petition] Page 450 → Found: ['premium_processing']
[petition] Page 451 → sending...
[petition] Page 451 done (4.1s)
[petition] Page 451 → Found: ['premium_processing']
[petition] Page 452 → sending...
[petition] Page 452 done (4.2s)
[petition] Page 452 → Found: ['premium_processing']
[petition] Page 453 → sending...
[petition] Page 453 done (4.2s)
[petition] Page 453 → Found: ['premium_processing']
[petition] Page 454 → sending...
[petition] Page 454 done (4.3s)
[petition] Page 454 → Found: ['premium_processing']
[petition] Page 455 → sending...
[petition] Page 455 done (4.1s)
[petition] Page 455 → Found: ['premium_processing']
[petition] Page 456 → sending...
[petition] Page 456 done (4.4s)
[petition] Page 456 → Found: ['premium_processing']
[petition] Page 457 → sending...
[petition] Page 457 done (4.3s)
[petition] Page 457 → Found: ['premium_processing']
[petition] Page 458 → sending...
[petition] Page 458 done (4.5s)
[petition] Page 458 → Found: ['premium_processing']
[petition] Page 459 → sending...
[petition] Page 459 done (4.5s)
[petition] Page 459 → Found: ['premium_processing']
[petition] Page 460 → sending...
[petition] Page 460 done (4.4s)
[petition] Page 460 → Found: ['premium_processing']
[petition] Page 461 → sending...
[petition] Page 461 done (4.2s)
[petition] Page 461 → Found: ['premium_processing']
[petition] Page 462 → sending...
[petition] Page 462 done (4.2s)
[petition] Page 462 → Found: ['premium_processing']
[petition] Page 463 → sending...
[petition] Page 463 done (4.2s)
[petition] Page 463 → Found: ['premium_processing', 'employer_sponsored', 'self_petition', 'beneficiary_industry', 'publications_included', 'endeavor_field']
[petition] Page 464 → sending...
[petition] Page 464 done (4.3s)
[petition] Page 464 → Found: ['premium_processing']
[petition] Page 465 → sending...
[petition] Page 465 done (4.4s)
[petition] Page 465 → Found: ['petition_type', 'premium_processing', 'employer_sponsored', 'self_petition', 'beneficiary_industry', 'endeavor_field']
[petition] Page 466 → sending...
[petition] Page 466 done (4.3s)
[petition] Page 466 → Found: ['premium_processing']
[petition] Page 467 → sending...
[petition] Page 467 done (4.1s)
[petition] Page 467 → Found: ['premium_processing']
[petition] Page 468 → sending...
[petition] Page 468 done (4.3s)
[petition] Page 468 → Found: ['premium_processing']
[petition] Page 469 → sending...
[petition] Page 469 done (4.1s)
[petition] Page 469 → Found: ['premium_processing']
[petition] Page 470 → sending...
[petition] Page 470 done (4.2s)
[petition] Page 470 → Found: ['premium_processing']
[petition] Page 471 → sending...
[petition] Page 471 done (4.2s)
[petition] Page 471 → Found: ['premium_processing']
[petition] Page 472 → sending...
[petition] Page 472 done (4.2s)
[petition] Page 472 → Found: ['premium_processing']
[petition] Page 473 → sending...
[petition] Page 473 done (4.3s)
[petition] Page 473 → Found: ['premium_processing']
[petition] Page 474 → sending...
[petition] Page 474 done (4.1s)
[petition] Page 474 → Found: ['premium_processing']
[petition] Page 475 → sending...
[petition] Page 475 done (4.1s)
[petition] Page 475 → Found: ['premium_processing']
[petition] Page 476 → sending...
[petition] Page 476 done (6.9s)
[petition] Page 476 → Found: ['premium_processing']
[petition] Page 477 → sending...
[petition] Page 477 done (4.2s)
[petition] Page 477 → Found: ['premium_processing']
[petition] Page 478 → sending...
[petition] Page 478 done (4.1s)
[petition] Page 478 → Found: ['premium_processing']
[petition] Page 479 → sending...
[petition] Page 479 done (4.3s)
[petition] Page 479 → Found: ['premium_processing']
[petition] Page 480 → sending...
[petition] Page 480 done (4.3s)
[petition] Page 480 → Found: ['premium_processing']
[petition] Page 481 → sending...
[petition] Page 481 done (4.2s)
[petition] Page 481 → Found: ['premium_processing']
[petition] Page 482 → sending...
[petition] Page 482 done (4.3s)
[petition] Page 482 → Found: ['premium_processing', 'employer_sponsored', 'self_petition', 'beneficiary_industry']
[petition] Page 483 → sending...
[petition] Page 483 done (4.1s)
[petition] Page 483 → Found: ['premium_processing']
[petition] Page 484 → sending...
[petition] Page 484 done (4.2s)
[petition] Page 484 → Found: ['premium_processing']
[petition] Page 485 → sending...
[petition] Page 485 done (4.2s)
[petition] Page 485 → Found: ['premium_processing']
[petition] Page 486 → sending...
[petition] Page 486 done (4.1s)
[petition] Page 486 → Found: ['premium_processing']
[petition] Page 487 → sending...
[petition] Page 487 done (4.2s)
[petition] Page 487 → Found: ['premium_processing', 'employer_sponsored', 'self_petition', 'beneficiary_industry', 'endeavor_field']
[petition] Page 488 → sending...
[petition] Page 488 done (4.2s)
[petition] Page 488 → Found: ['premium_processing', 'employer_sponsored', 'self_petition', 'beneficiary_industry']
[petition] Page 489 → sending...
[petition] Page 489 done (6.1s)
[petition] Page 489 → Found: ['premium_processing']
[petition] Page 490 → sending...
[petition] Page 490 done (4.3s)
[petition] Page 490 → No useful fields
[petition] Page 491 → sending...
[petition] Page 491 done (5.6s)
[petition] Page 491 → Found: ['premium_processing']
[petition] Page 492 → sending...
[petition] Page 492 done (4.3s)
[petition] Page 492 → Found: ['premium_processing']
[petition] Page 493 → sending...
[petition] Page 493 done (4.2s)
[petition] Page 493 → Found: ['premium_processing']
[petition] Page 494 → sending...
[petition] Page 494 done (4.2s)
[petition] Page 494 → Found: ['premium_processing']
[petition] Page 495 → sending...
[petition] Page 495 done (4.2s)
[petition] Page 495 → Found: ['premium_processing']
[petition] Page 496 → sending...
[petition] Page 496 done (4.5s)
[petition] Page 496 → Found: ['premium_processing', 'employer_sponsored', 'self_petition']
[petition] Page 497 → sending...
[petition] Page 497 done (4.1s)
[petition] Page 497 → Found: ['premium_processing']
[petition] Page 498 → sending...
[petition] Page 498 done (4.3s)
[petition] Page 498 → Found: ['premium_processing', 'beneficiary_industry']
[petition] Page 499 → sending...
[petition] Page 499 done (4.4s)
[petition] Page 499 → Found: ['premium_processing', 'beneficiary_industry']
[petition] Page 500 → sending...
[petition] Page 500 done (4.3s)
[petition] Page 500 → Found: ['premium_processing']
[petition] Page 501 → sending...
[petition] Page 501 done (4.2s)
[petition] Page 501 → Found: ['premium_processing']
[petition] Page 502 → sending...
[petition] Page 502 done (4.1s)
[petition] Page 502 → Found: ['premium_processing']
[petition] Page 503 → sending...
[petition] Page 503 done (4.4s)
[petition] Page 503 → Found: ['premium_processing']
[petition] Page 504 → sending...
[petition] Page 504 done (4.1s)
[petition] Page 504 → Found: ['premium_processing']
[petition] Page 505 → sending...
[petition] Page 505 done (4.3s)
[petition] Page 505 → Found: ['premium_processing', 'endeavor_field']
[petition] Page 506 → sending...
[petition] Page 506 done (4.5s)
[petition] Page 506 → Found: ['premium_processing', 'beneficiary_industry', 'endeavor_field']
[petition] Page 507 → sending...
[petition] Page 507 done (4.4s)
[petition] Page 507 → Found: ['premium_processing']
[petition] Page 508 → sending...
[petition] Page 508 done (4.5s)
[petition] Page 508 → Found: ['premium_processing']
[petition] Page 509 → sending...
[petition] Page 509 done (4.2s)
[petition] Page 509 → Found: ['premium_processing']
[petition] Page 510 → sending...
[petition] Page 510 done (4.2s)
[petition] Page 510 → Found: ['premium_processing']
[petition] Page 511 → sending...
[petition] Page 511 done (4.1s)
[petition] Page 511 → Found: ['premium_processing']
[petition] Page 512 → sending...
[petition] Page 512 done (4.2s)
[petition] Page 512 → Found: ['premium_processing']
[petition] Page 513 → sending...
[petition] Page 513 done (4.2s)
[petition] Page 513 → Found: ['premium_processing']
[petition] Page 514 → sending...
[petition] Page 514 done (4.2s)
[petition] Page 514 → Found: ['premium_processing']
[petition] Page 515 → sending...
[petition] Page 515 done (4.1s)
[petition] Page 515 → Found: ['premium_processing']
[petition] Page 516 → sending...
[petition] Page 516 done (4.3s)
[petition] Page 516 → Found: ['premium_processing']
[petition] Page 517 → sending...
[petition] Page 517 done (4.2s)
[petition] Page 517 → Found: ['premium_processing']
[petition] Page 518 → sending...
[petition] Page 518 done (6.2s)
[petition] Page 518 → Found: ['premium_processing']
[petition] Page 519 → sending...
[petition] Page 519 done (6.1s)
[petition] Page 519 → Found: ['premium_processing']
[petition] Page 520 → sending...
[petition] Page 520 done (4.1s)
[petition] Page 520 → Found: ['premium_processing']
[petition] Page 521 → sending...
[petition] Page 521 done (5.8s)
[petition] Page 521 → Found: ['premium_processing']
[petition] Page 522 → sending...
[petition] Page 522 done (4.3s)
[petition] Page 522 → Found: ['premium_processing']
[petition] Page 523 → sending...
[petition] Page 523 done (5.5s)
[petition] Page 523 → Found: ['premium_processing']
[petition] Page 524 → sending...
[petition] Page 524 done (4.3s)
[petition] Page 524 → Found: ['premium_processing']
[petition] Page 525 → sending...
[petition] Page 525 done (4.4s)
[petition] Page 525 → No useful fields
[petition] Page 526 → sending...
[petition] Page 526 done (4.3s)
[petition] Page 526 → Found: ['premium_processing']
[petition] Page 527 → sending...
[petition] Page 527 done (4.4s)
[petition] Page 527 → Found: ['premium_processing']
[petition] Page 528 → sending...
[petition] Page 528 done (4.4s)
[petition] Page 528 → No useful fields
[petition] Page 529 → sending...
[petition] Page 529 done (4.4s)
[petition] Page 529 → Found: ['premium_processing']
[petition] Page 530 → sending...
[petition] Page 530 done (4.5s)
[petition] Page 530 → Found: ['premium_processing', 'beneficiary_industry', 'judging_others_work_claimed', 'endeavor_field']
[petition] Page 531 → sending...
[petition] Page 531 done (4.2s)
[petition] Page 531 → Found: ['premium_processing']
[petition] Page 532 → sending...
[petition] Page 532 done (4.1s)
[petition] Page 532 → Found: ['premium_processing']
[petition] Page 533 → sending...
[petition] Page 533 done (4.6s)
[petition] Page 533 → Found: ['petition_type', 'premium_processing', 'employer_sponsored', 'self_petition', 'beneficiary_industry', 'high_salary_claimed', 'endeavor_field']
[petition] Page 534 → sending...
[petition] Page 534 done (4.2s)
[petition] Page 534 → Found: ['premium_processing']
[petition] Page 535 → sending...
[petition] Page 535 done (4.4s)
[petition] Page 535 → Found: ['premium_processing', 'beneficiary_industry', 'endeavor_field']
[petition] Page 536 → sending...
[petition] Page 536 done (4.3s)
[petition] Page 536 → Found: ['premium_processing']
[petition] Page 537 → sending...
[petition] Page 537 done (4.4s)
[petition] Page 537 → Found: ['premium_processing']
[petition] Page 538 → sending...
[petition] Page 538 done (4.5s)
[petition] Page 538 → Found: ['premium_processing']
[petition] Page 539 → sending...
[petition] Page 539 done (4.5s)
[petition] Page 539 → Found: ['premium_processing']
[petition] Page 540 → sending...
[petition] Page 540 done (4.7s)
[petition] Page 540 → Found: ['premium_processing']
[petition] Page 541 → sending...
[petition] Page 541 done (4.3s)
[petition] Page 541 → Found: ['premium_processing']

PETITION RESULT:
{
  "petition_type": "EB-2 NIW",
  "service_center_or_field_office": "Tempe, AZ",
  "premium_processing": "Y",
  "employer_sponsored": false,
  "self_petition": true,
  "beneficiary_industry": "Tech",
  "eb2_basis": "Advanced Degree",
  "endeavor_field": "Tech",
  "publications_included": "Y",
  "judging_others_work_claimed": "Y",
  "high_salary_claimed": "Y",
  "major_award_claimed": "Y",
  "beneficiary_country_of_birth": "India",
  "beneficiary_country_of_citizenship": "India",
  "criteria_claimed_count": 1
}

=== PROCESSING DECISION ===
[decision] Page 1 → sending...
[decision] Page 1 done (4.1s)
[decision] Page 1 → Found: ['decision_date', 'final_outcome', 'rfe_issued', 'noid_issued', 'rfe_basis']
[decision] Page 2 → sending...
[decision] Page 2 done (3.5s)
[decision] Page 2 → No useful fields
[decision] Page 3 → sending...
[decision] Page 3 done (3.6s)
[decision] Page 3 → Found: ['rfe_issued', 'noid_issued', 'rfe_basis']
[decision] Page 4 → sending...
[decision] Page 4 done (3.5s)
[decision] Page 4 → Found: ['rfe_issued', 'noid_issued', 'rfe_basis']
[decision] Page 5 → sending...
[decision] Page 5 done (3.6s)
[decision] Page 5 → Found: ['rfe_issued', 'noid_issued', 'rfe_basis']
[decision] Page 6 → sending...
[decision] Page 6 done (3.5s)
[decision] Page 6 → Found: ['final_outcome', 'rfe_issued', 'noid_issued', 'rfe_basis']
[decision] Page 7 → sending...
[decision] Page 7 done (3.6s)
[decision] Page 7 → Found: ['rfe_issued', 'noid_issued', 'rfe_basis']
[decision] Page 8 → sending...
[decision] Page 8 done (3.4s)
[decision] Page 8 → Found: ['rfe_issued', 'noid_issued', 'rfe_basis']
[decision] Page 9 → sending...
[decision] Page 9 done (3.5s)
[decision] Page 9 → Found: ['rfe_issued', 'noid_issued', 'rfe_basis']
[decision] Page 10 → sending...
[decision] Page 10 done (3.5s)
[decision] Page 10 → Found: ['final_outcome', 'rfe_issued', 'noid_issued', 'discretion_applied']
[decision] Page 11 → sending...
[decision] Page 11 done (3.1s)
[decision] Page 11 → No useful fields
[decision] Page 12 → sending...
[decision] Page 12 done (3.8s)
[decision] Page 12 → Found: ['decision_date', 'final_outcome', 'rfe_issued', 'noid_issued', 'discretion_applied']

DECISION RESULT:
{
  "decision_date": "May 16, 2022",
  "final_outcome": "Denied",
  "rfe_issued": true,
  "noid_issued": false,
  "rfe_basis": "Evidence insufficient",
  "discretion_applied": true
}

=== FINAL MERGED RESULT ===
{
  "petition_type": "EB-2 NIW",
  "service_center_or_field_office": "Tempe, AZ",
  "premium_processing": "Y",
  "employer_sponsored": false,
  "self_petition": true,
  "beneficiary_industry": "Tech",
  "eb2_basis": "Advanced Degree",
  "endeavor_field": "Tech",
  "publications_included": "Y",
  "judging_others_work_claimed": "Y",
  "high_salary_claimed": "Y",
  "major_award_claimed": "Y",
  "beneficiary_country_of_birth": "India",
  "beneficiary_country_of_citizenship": "India",
  "criteria_claimed_count": 1,
  "decision_date": "May 16, 2022",
  "final_outcome": "Denied",
  "rfe_issued": true,
  "noid_issued": false,
  "rfe_basis": "Evidence insufficient",
  "discretion_applied": true
}

Saving to Firestore...
Saved → Firestore (run_id=20260420_113150)

[aggregate] Transforming 2 app(s) → aggregated_cases...
  ✓ aggregated_cases/application-001_20260420_113150
  ✓ aggregated_cases/application-002_20260420_113150
[aggregate] Transform done.

[aggregate] Reading aggregated_cases for run 20260420_113150...
  Found 2 doc(s)
  Pre-computing 6 filter combination(s)...
  ✓ 6 slices computed
  ✓ aggregated_insights/20260420_113150
[aggregate] Done.

============================================================
ALL DONE — 2 application(s) processed.
Log saved → C:\Users\HAMMOUD\Desktop\PipelineScriptsTMF-main\logs\20260420_112908.log
============================================================

============================================================
TIMING SUMMARY
============================================================
Application        Naming   Parsing
-----------------------------------
application-001       12s       16s
application-002       33s    1m 36s
-----------------------------------
Pipeline (all apps)             58m 41s
TOTAL RUN                   61m 20s
============================================================
