✓ All clients ready.
  RunPod : https://lsvcfnwpehfv1m-11434.proxy.runpod.net/
  Model  : qwen2.5:14b-instruct-q8_0
  GCP    : data-enclave-dev-488920

Found 2 application(s): application-001, application-002

============================================================
APPLICATION: application-001  (1/2)
============================================================

[application-001] STEP 1: Naming

[application-001] Found 3 file(s), classifying:
  AH Path O1A USCIS Forms.pdf  →  petition.pdf
  AHussain_O-1_I797A_Approval_Notice.pdf  →  decision.pdf
  AHUSSAIN_O1A_Petition_Full - CONFIDENTIAL.pdf  →  evidence_other_1.pdf

[application-001] STEP 2: Parsing

[application-001] Parsing documents:
  decision             → 2 pages, 7,016 chars
  evidence_other_1     → 326 pages, 643,688 chars
  petition             → 28 pages, 216,713 chars

✓ application-001 prepared — naming 46s, parsing 19s

============================================================
APPLICATION: application-002  (2/2)
============================================================

[application-002] STEP 1: Naming

[application-002] Found 4 file(s), classifying:
  Denial Notice.pdf  →  decision.pdf
  Final NIW Filing.pdf  →  petition.pdf
  FULL O-1A Filing - Balasubramani, Soundarya (1).pdf  →  petition_2.pdf
  RFE.pdf  →  rfe.pdf

[application-002] STEP 2: Parsing

[application-002] Parsing documents:
  decision             → 12 pages, 38,475 chars
  petition             → 541 pages, 1,053,110 chars
  petition_2           → 723 pages, 1,127,412 chars
  rfe                  → 20 pages, 58,893 chars

✓ application-002 prepared — naming 37s, parsing 2m 28s

============================================================
STEP 3: Pipeline — running on all 2 application(s)
============================================================

RUN ID: 20260420_130948
============================================================

APPLICATION: application-001
------------------------------------------------------------

=== PROCESSING PETITION ===
[petition] Page 1 → sending...
[petition] Page 1 done (11.1s)
[petition] Page 1 → Found: ['premium_processing', 'employer_sponsored', 'self_petition']
[petition] Page 2 → sending...
[petition] Page 2 done (9.8s)
[petition] Page 2 → Found: ['petition_type', 'premium_processing', 'employer_sponsored', 'self_petition']
[petition] Page 3 → sending...
[petition] Page 3 done (14.5s)
[petition] Page 3 → Found: ['premium_processing', 'employer_sponsored', 'self_petition', 'beneficiary_country_of_birth', 'beneficiary_country_of_citizenship']
[petition] Page 4 → sending...
[petition] Page 4 done (9.0s)
[petition] Page 4 → Found: ['premium_processing', 'employer_sponsored', 'self_petition']
[petition] Page 5 → sending...
[petition] Page 5 done (13.0s)
[petition] Page 5 → Found: ['premium_processing', 'employer_sponsored', 'self_petition', 'beneficiary_industry']
[petition] Page 6 → sending...
[petition] Page 6 done (14.9s)
[petition] Page 6 → Found: ['premium_processing', 'employer_sponsored', 'self_petition']
[petition] Page 7 → sending...
[petition] Page 7 done (8.6s)
[petition] Page 7 → Found: ['premium_processing']
[petition] Page 8 → sending...
[petition] Page 8 done (10.1s)
[petition] Page 8 → Found: ['premium_processing']
[petition] Page 9 → sending...
[petition] Page 9 done (8.4s)
[petition] Page 9 → Found: ['petition_type', 'premium_processing', 'employer_sponsored', 'self_petition', 'beneficiary_industry']
[petition] Page 10 → sending...
[petition] Page 10 done (8.8s)
[petition] Page 10 → Found: ['premium_processing', 'employer_sponsored', 'self_petition', 'noid_issued', 'noid_basis']
[petition] Page 11 → sending...
[petition] Page 11 done (8.0s)
[petition] Page 11 → Found: ['premium_processing', 'employer_sponsored', 'self_petition']
[petition] Page 12 → sending...
[petition] Page 12 done (10.7s)
[petition] Page 12 → Found: ['premium_processing']
[petition] Page 13 → sending...
[petition] Page 13 done (6.1s)
[petition] Page 13 → Found: ['petition_type', 'premium_processing', 'employer_sponsored', 'self_petition']
[petition] Page 14 → sending...
[petition] Page 14 done (8.3s)
[petition] Page 14 → Found: ['premium_processing']
[petition] Page 15 → sending...
[petition] Page 15 done (8.2s)
[petition] Page 15 → Found: ['premium_processing']
[petition] Page 16 → sending...
[petition] Page 16 done (8.1s)
[petition] Page 16 → Found: ['premium_processing']
[petition] Page 17 → sending...
[petition] Page 17 done (7.5s)
[petition] Page 17 → Found: ['premium_processing']
[petition] Page 18 → sending...
[petition] Page 18 done (11.5s)
[petition] Page 18 → Found: ['premium_processing', 'employer_sponsored', 'self_petition']
[petition] Page 19 → sending...
[petition] Page 19 done (8.7s)
[petition] Page 19 → Found: ['premium_processing']
[petition] Page 20 → sending...
[petition] Page 20 done (8.7s)
[petition] Page 20 → Found: ['premium_processing']
[petition] Page 21 → sending...
[petition] Page 21 done (8.1s)
[petition] Page 21 → Found: ['premium_processing']
[petition] Page 22 → sending...
[petition] Page 22 done (12.6s)
[petition] Page 22 → Found: ['premium_processing', 'employer_sponsored', 'self_petition']
[petition] Page 23 → sending...
[petition] Page 23 done (9.9s)
[petition] Page 23 → Found: ['premium_processing']
[petition] Page 24 → sending...
[petition] Page 24 done (7.8s)
[petition] Page 24 → Found: ['premium_processing']
[petition] Page 25 → sending...
[petition] Page 25 done (10.5s)
[petition] Page 25 → Found: ['premium_processing']
[petition] Page 26 → sending...
[petition] Page 26 done (8.8s)
[petition] Page 26 → Found: ['premium_processing', 'employer_sponsored', 'self_petition']
[petition] Page 27 → sending...
[petition] Page 27 done (8.2s)
[petition] Page 27 → Found: ['premium_processing']
[petition] Page 28 → sending...
[petition] Page 28 done (11.3s)
[petition] Page 28 → Found: ['premium_processing', 'employer_sponsored', 'self_petition']

PETITION RESULT:
{
  "premium_processing": "Unknown",
  "employer_sponsored": true,
  "self_petition": false,
  "petition_type": "O-1A Extraordinary Ability",
  "beneficiary_country_of_birth": "United Kingdom",
  "beneficiary_country_of_citizenship": "United Kingdom",
  "beneficiary_industry": "Tech",
  "noid_issued": false,
  "noid_basis": "No - copy of request attached"
}

=== PROCESSING DECISION ===
[decision] Page 1 → sending...
[decision] Page 1 done (9.1s)
[decision] Page 1 → Found: ['decision_date', 'final_outcome', 'rfe_issued', 'noid_issued', 'basis_for_approval', 'discretion_applied', 'petition_type', 'filing_date', 'service_center_or_field_office', 'beneficiary_country_of_citizenship']
[decision] Page 2 → sending...
[decision] Page 2 done (8.2s)
[decision] Page 2 → Found: ['decision_date', 'final_outcome', 'rfe_issued', 'noid_issued', 'discretion_applied', 'petition_type', 'filing_date', 'service_center_or_field_office']

DECISION RESULT:
{
  "decision_date": "2023-04-25",
  "final_outcome": "Approved",
  "rfe_issued": false,
  "noid_issued": false,
  "basis_for_approval": "The petition and accompanying request for a change of status have been approved.",
  "discretion_applied": false,
  "petition_type": "O-1A",
  "filing_date": "2022-10-21",
  "service_center_or_field_office": "Vermont Service Center",
  "beneficiary_country_of_citizenship": "UNITED KINGDOM"
}

=== PROCESSING EVIDENCE ===
[evidence] Page 1 → sending...
[evidence] Page 1 done (5.6s)
[evidence] Page 1 → Found: ['rfe_linked_to_evidence_issue', 'noid_linked_to_evidence_issue', 'petition_type']
[evidence] Page 2 → sending...
[evidence] Page 2 done (5.4s)
[evidence] Page 2 → Found: ['basis_for_application', 'evidence_of_positioning_present', 'rfe_linked_to_evidence_issue', 'noid_linked_to_evidence_issue', 'petition_type', 'beneficiary_industry']
[evidence] Page 3 → sending...
[evidence] Page 3 done (5.6s)
[evidence] Page 3 → Found: ['basis_for_application', 'evidence_of_positioning_present', 'rfe_linked_to_evidence_issue', 'noid_linked_to_evidence_issue', 'petition_type', 'criteria_claimed_count', 'major_award_claimed', 'high_salary_claimed']
[evidence] Page 4 → sending...
[evidence] Page 4 done (5.4s)
[evidence] Page 4 → Found: ['basis_for_application', 'rfe_linked_to_evidence_issue', 'noid_linked_to_evidence_issue', 'petition_type', 'beneficiary_industry']
[evidence] Page 5 → sending...
[evidence] Page 5 done (5.0s)
[evidence] Page 5 → Found: ['rfe_linked_to_evidence_issue', 'noid_linked_to_evidence_issue', 'petition_type', 'beneficiary_industry']
[evidence] Page 6 → sending...
[evidence] Page 6 done (5.2s)
[evidence] Page 6 → Found: ['basis_for_application', 'rfe_linked_to_evidence_issue', 'noid_linked_to_evidence_issue', 'petition_type', 'major_award_claimed']
[evidence] Page 7 → sending...
[evidence] Page 7 done (5.2s)
[evidence] Page 7 → Found: ['basis_for_application', 'evidence_of_positioning_present', 'rfe_linked_to_evidence_issue', 'noid_linked_to_evidence_issue', 'petition_type', 'beneficiary_industry', 'endeavor_field']
[evidence] Page 8 → sending...
[evidence] Page 8 done (5.0s)
[evidence] Page 8 → Found: ['basis_for_application', 'evidence_of_positioning_present', 'rfe_linked_to_evidence_issue', 'noid_linked_to_evidence_issue', 'petition_type']
[evidence] Page 9 → sending...
[evidence] Page 9 done (5.3s)
[evidence] Page 9 → Found: ['basis_for_application', 'evidence_of_positioning_present', 'rfe_linked_to_evidence_issue', 'noid_linked_to_evidence_issue', 'petition_type', 'beneficiary_industry']
[evidence] Page 10 → sending...
[evidence] Page 10 done (5.3s)
[evidence] Page 10 → Found: ['basis_for_application', 'evidence_of_positioning_present', 'rfe_linked_to_evidence_issue', 'noid_linked_to_evidence_issue', 'petition_type', 'beneficiary_industry', 'endeavor_field']
[evidence] Page 11 → sending...
[evidence] Page 11 done (5.4s)
[evidence] Page 11 → Found: ['basis_for_application', 'rfe_linked_to_evidence_issue', 'noid_linked_to_evidence_issue', 'petition_type', 'beneficiary_industry']
[evidence] Page 12 → sending...
[evidence] Page 12 done (5.0s)
[evidence] Page 12 → Found: ['rfe_linked_to_evidence_issue', 'noid_linked_to_evidence_issue', 'petition_type']
[evidence] Page 13 → sending...
[evidence] Page 13 done (5.4s)
[evidence] Page 13 → Found: ['basis_for_application', 'evidence_of_positioning_present', 'rfe_linked_to_evidence_issue', 'noid_linked_to_evidence_issue', 'petition_type', 'beneficiary_industry', 'endeavor_field']
[evidence] Page 14 → sending...
[evidence] Page 14 done (5.5s)
[evidence] Page 14 → Found: ['basis_for_application', 'evidence_of_positioning_present', 'rfe_linked_to_evidence_issue', 'noid_linked_to_evidence_issue', 'petition_type', 'beneficiary_industry', 'endeavor_field']
[evidence] Page 15 → sending...
[evidence] Page 15 done (5.3s)
[evidence] Page 15 → Found: ['basis_for_application', 'evidence_of_positioning_present', 'rfe_linked_to_evidence_issue', 'noid_linked_to_evidence_issue', 'petition_type', 'beneficiary_industry', 'high_salary_claimed']
[evidence] Page 16 → sending...
[evidence] Page 16 done (5.2s)
[evidence] Page 16 → Found: ['basis_for_application', 'evidence_of_positioning_present', 'rfe_linked_to_evidence_issue', 'noid_linked_to_evidence_issue', 'petition_type', 'beneficiary_industry', 'endeavor_field']
[evidence] Page 17 → sending...
[evidence] Page 17 done (5.0s)
[evidence] Page 17 → Found: ['rfe_linked_to_evidence_issue', 'noid_linked_to_evidence_issue', 'petition_type']
[evidence] Page 18 → sending...
[evidence] Page 18 done (5.4s)
[evidence] Page 18 → Found: ['basis_for_application', 'evidence_of_positioning_present', 'rfe_linked_to_evidence_issue', 'noid_linked_to_evidence_issue', 'petition_type', 'beneficiary_industry']
[evidence] Page 19 → sending...
[evidence] Page 19 done (5.3s)
[evidence] Page 19 → Found: ['basis_for_application', 'evidence_of_positioning_present', 'rfe_linked_to_evidence_issue', 'noid_linked_to_evidence_issue', 'petition_type', 'beneficiary_industry']
[evidence] Page 20 → sending...
[evidence] Page 20 done (5.3s)
[evidence] Page 20 → Found: ['included_publications', 'publication_type', 'rfe_linked_to_evidence_issue', 'noid_linked_to_evidence_issue', 'petition_type', 'beneficiary_industry', 'publications_included_petition']
[evidence] Page 21 → sending...
[evidence] Page 21 done (7.4s)
[evidence] Page 21 → Found: ['rfe_linked_to_evidence_issue', 'noid_linked_to_evidence_issue', 'petition_type']
[evidence] Page 22 → sending...
[evidence] Page 22 done (5.0s)
[evidence] Page 22 → Found: ['rfe_linked_to_evidence_issue', 'noid_linked_to_evidence_issue', 'petition_type']
[evidence] Page 23 → sending...
[evidence] Page 23 done (5.2s)
[evidence] Page 23 → Found: ['basis_for_application', 'evidence_of_positioning_present', 'rfe_linked_to_evidence_issue', 'noid_linked_to_evidence_issue', 'petition_type', 'beneficiary_industry']
[evidence] Page 24 → sending...
[evidence] Page 24 done (5.4s)
[evidence] Page 24 → Found: ['basis_for_application', 'evidence_of_positioning_present', 'rfe_linked_to_evidence_issue', 'noid_linked_to_evidence_issue', 'petition_type', 'beneficiary_industry', 'endeavor_field', 'national_importance_framing']
[evidence] Page 25 → sending...
[evidence] Page 25 done (5.2s)
[evidence] Page 25 → Found: ['rfe_linked_to_evidence_issue', 'noid_linked_to_evidence_issue', 'petition_type', 'beneficiary_industry']
[evidence] Page 26 → sending...
[evidence] Page 26 done (8.0s)
[evidence] Page 26 → Found: ['basis_for_application', 'evidence_of_positioning_present', 'rfe_linked_to_evidence_issue', 'noid_linked_to_evidence_issue', 'petition_type', 'beneficiary_industry']
[evidence] Page 27 → sending...
[evidence] Page 27 done (5.0s)
[evidence] Page 27 → Found: ['rfe_linked_to_evidence_issue', 'noid_linked_to_evidence_issue', 'petition_type']
[evidence] Page 28 → sending...
[evidence] Page 28 done (5.0s)
[evidence] Page 28 → Found: ['rfe_linked_to_evidence_issue', 'noid_linked_to_evidence_issue', 'petition_type']
[evidence] Page 29 → sending...
[evidence] Page 29 done (5.8s)
[evidence] Page 29 → Found: ['basis_for_application', 'evidence_of_positioning_present', 'rfe_linked_to_evidence_issue', 'noid_linked_to_evidence_issue', 'petition_type', 'beneficiary_industry', 'endeavor_field']
[evidence] Page 30 → sending...
[evidence] Page 30 done (7.4s)
[evidence] Page 30 → Found: ['basis_for_application', 'evidence_of_positioning_present', 'rfe_linked_to_evidence_issue', 'noid_linked_to_evidence_issue', 'petition_type']
[evidence] Page 31 → sending...
[evidence] Page 31 done (7.6s)
[evidence] Page 31 → Found: ['basis_for_application', 'evidence_of_positioning_present', 'rfe_linked_to_evidence_issue', 'noid_linked_to_evidence_issue', 'petition_type', 'beneficiary_industry']
[evidence] Page 32 → sending...
[evidence] Page 32 done (5.2s)
[evidence] Page 32 → Found: ['rfe_linked_to_evidence_issue', 'noid_linked_to_evidence_issue', 'petition_type']
[evidence] Page 33 → sending...
[evidence] Page 33 done (5.5s)
[evidence] Page 33 → Found: ['rfe_linked_to_evidence_issue', 'noid_linked_to_evidence_issue', 'petition_type', 'beneficiary_industry']
[evidence] Page 34 → sending...
[evidence] Page 34 done (5.0s)
[evidence] Page 34 → Found: ['rfe_linked_to_evidence_issue', 'noid_linked_to_evidence_issue', 'petition_type']
[evidence] Page 35 → sending...
[evidence] Page 35 done (5.5s)
[evidence] Page 35 → Found: ['basis_for_application', 'evidence_of_positioning_present', 'rfe_linked_to_evidence_issue', 'noid_linked_to_evidence_issue', 'petition_type', 'beneficiary_industry', 'high_salary_claimed']
[evidence] Page 36 → sending...
[evidence] Page 36 done (5.2s)
[evidence] Page 36 → Found: ['basis_for_application', 'evidence_of_positioning_present', 'rfe_linked_to_evidence_issue', 'noid_linked_to_evidence_issue', 'petition_type', 'beneficiary_industry']
[evidence] Page 37 → sending...
[evidence] Page 37 done (5.3s)
[evidence] Page 37 → Found: ['rfe_linked_to_evidence_issue', 'noid_linked_to_evidence_issue', 'petition_type', 'beneficiary_industry']
[evidence] Page 38 → sending...
[evidence] Page 38 done (5.1s)
[evidence] Page 38 → Found: ['rfe_linked_to_evidence_issue', 'noid_linked_to_evidence_issue', 'petition_type']
[evidence] Page 39 → sending...
[evidence] Page 39 done (5.4s)
[evidence] Page 39 → Found: ['rfe_linked_to_evidence_issue', 'noid_linked_to_evidence_issue', 'petition_type']
[evidence] Page 40 → sending...
[evidence] Page 40 done (5.2s)
[evidence] Page 40 → Found: ['rfe_linked_to_evidence_issue', 'noid_linked_to_evidence_issue', 'petition_type']
[evidence] Page 41 → sending...
[evidence] Page 41 done (6.8s)
[evidence] Page 41 → Found: ['rfe_linked_to_evidence_issue', 'noid_linked_to_evidence_issue', 'petition_type']
[evidence] Page 42 → sending...
[evidence] Page 42 done (5.0s)
[evidence] Page 42 → Found: ['rfe_linked_to_evidence_issue', 'noid_linked_to_evidence_issue', 'petition_type']
[evidence] Page 43 → sending...
[evidence] Page 43 done (5.1s)
[evidence] Page 43 → Found: ['rfe_linked_to_evidence_issue', 'noid_linked_to_evidence_issue', 'petition_type']
[evidence] Page 44 → sending...
[evidence] Page 44 done (5.0s)
[evidence] Page 44 → Found: ['rfe_linked_to_evidence_issue', 'noid_linked_to_evidence_issue', 'petition_type']
[evidence] Page 45 → sending...
[evidence] Page 45 done (4.9s)
[evidence] Page 45 → Found: ['rfe_linked_to_evidence_issue', 'noid_linked_to_evidence_issue', 'petition_type']
[evidence] Page 46 → sending...
[evidence] Page 46 done (5.0s)
[evidence] Page 46 → Found: ['rfe_linked_to_evidence_issue', 'noid_linked_to_evidence_issue', 'petition_type']
[evidence] Page 47 → sending...
[evidence] Page 47 done (5.1s)
[evidence] Page 47 → Found: ['rfe_linked_to_evidence_issue', 'noid_linked_to_evidence_issue', 'petition_type']
[evidence] Page 48 → sending...
[evidence] Page 48 done (5.1s)
[evidence] Page 48 → Found: ['rfe_linked_to_evidence_issue', 'noid_linked_to_evidence_issue', 'petition_type']
[evidence] Page 49 → sending...
[evidence] Page 49 done (5.0s)
[evidence] Page 49 → Found: ['rfe_linked_to_evidence_issue', 'noid_linked_to_evidence_issue', 'petition_type']
[evidence] Page 50 → sending...
[evidence] Page 50 done (5.1s)
[evidence] Page 50 → Found: ['rfe_linked_to_evidence_issue', 'noid_linked_to_evidence_issue', 'petition_type']
[evidence] Page 51 → sending...
[evidence] Page 51 done (5.3s)
[evidence] Page 51 → Found: ['rfe_linked_to_evidence_issue', 'noid_linked_to_evidence_issue', 'petition_type']
[evidence] Page 52 → sending...
[evidence] Page 52 done (5.1s)
[evidence] Page 52 → Found: ['rfe_linked_to_evidence_issue', 'noid_linked_to_evidence_issue', 'petition_type']
[evidence] Page 53 → sending...
[evidence] Page 53 done (5.0s)
[evidence] Page 53 → Found: ['rfe_linked_to_evidence_issue', 'noid_linked_to_evidence_issue', 'petition_type']
[evidence] Page 54 → sending...
[evidence] Page 54 done (5.1s)
[evidence] Page 54 → Found: ['rfe_linked_to_evidence_issue', 'noid_linked_to_evidence_issue', 'petition_type']
[evidence] Page 55 → sending...
[evidence] Page 55 done (5.1s)
[evidence] Page 55 → Found: ['rfe_linked_to_evidence_issue', 'noid_linked_to_evidence_issue', 'petition_type']
[evidence] Page 56 → sending...
[evidence] Page 56 done (5.2s)
[evidence] Page 56 → Found: ['rfe_linked_to_evidence_issue', 'noid_linked_to_evidence_issue', 'petition_type']
[evidence] Page 57 → sending...
[evidence] Page 57 done (5.3s)
[evidence] Page 57 → Found: ['rfe_linked_to_evidence_issue', 'noid_linked_to_evidence_issue', 'petition_type']
[evidence] Page 58 → sending...
[evidence] Page 58 done (5.2s)
[evidence] Page 58 → Found: ['rfe_linked_to_evidence_issue', 'noid_linked_to_evidence_issue', 'petition_type']
[evidence] Page 59 → sending...
[evidence] Page 59 done (5.2s)
[evidence] Page 59 → Found: ['rfe_linked_to_evidence_issue', 'noid_linked_to_evidence_issue', 'petition_type']
[evidence] Page 60 → sending...
[evidence] Page 60 done (5.2s)
[evidence] Page 60 → Found: ['rfe_linked_to_evidence_issue', 'noid_linked_to_evidence_issue', 'petition_type']
[evidence] Page 61 → sending...
[evidence] Page 61 done (5.0s)
[evidence] Page 61 → Found: ['rfe_linked_to_evidence_issue', 'noid_linked_to_evidence_issue', 'petition_type']
[evidence] Page 62 → sending...
[evidence] Page 62 done (5.1s)
[evidence] Page 62 → Found: ['rfe_linked_to_evidence_issue', 'noid_linked_to_evidence_issue', 'petition_type']
[evidence] Page 63 → sending...
[evidence] Page 63 done (5.0s)
[evidence] Page 63 → Found: ['rfe_linked_to_evidence_issue', 'noid_linked_to_evidence_issue', 'petition_type']
[evidence] Page 64 → sending...
[evidence] Page 64 done (6.4s)
[evidence] Page 64 → Found: ['rfe_linked_to_evidence_issue', 'noid_linked_to_evidence_issue']
[evidence] Page 65 → sending...
[evidence] Page 65 done (5.0s)
[evidence] Page 65 → Found: ['rfe_linked_to_evidence_issue', 'noid_linked_to_evidence_issue', 'petition_type']
[evidence] Page 66 → sending...
[evidence] Page 66 done (5.0s)
[evidence] Page 66 → Found: ['rfe_linked_to_evidence_issue', 'noid_linked_to_evidence_issue', 'petition_type']
[evidence] Page 67 → sending...
[evidence] Page 67 done (5.1s)
[evidence] Page 67 → Found: ['basis_for_application', 'evidence_of_positioning_present', 'rfe_linked_to_evidence_issue', 'noid_linked_to_evidence_issue', 'petition_type', 'beneficiary_industry', 'high_salary_claimed']
[evidence] Page 68 → sending...
[evidence] Page 68 done (5.3s)
[evidence] Page 68 → Found: ['rfe_linked_to_evidence_issue', 'noid_linked_to_evidence_issue', 'petition_type']
[evidence] Page 69 → sending...
[evidence] Page 69 done (5.4s)
[evidence] Page 69 → Found: ['basis_for_application', 'evidence_of_positioning_present', 'rfe_linked_to_evidence_issue', 'noid_linked_to_evidence_issue', 'petition_type', 'beneficiary_industry']
[evidence] Page 70 → sending...
[evidence] Page 70 done (5.1s)
[evidence] Page 70 → Found: ['rfe_linked_to_evidence_issue', 'noid_linked_to_evidence_issue', 'petition_type']
[evidence] Page 71 → sending...
[evidence] Page 71 done (5.0s)
[evidence] Page 71 → Found: ['rfe_linked_to_evidence_issue', 'noid_linked_to_evidence_issue', 'petition_type', 'beneficiary_industry']
[evidence] Page 72 → sending...
[evidence] Page 72 done (5.1s)
[evidence] Page 72 → Found: ['rfe_linked_to_evidence_issue', 'noid_linked_to_evidence_issue', 'petition_type']
[evidence] Page 73 → sending...
[evidence] Page 73 done (6.5s)
[evidence] Page 73 → Found: ['rfe_linked_to_evidence_issue', 'noid_linked_to_evidence_issue', 'petition_type']
[evidence] Page 74 → sending...
[evidence] Page 74 done (8.6s)
[evidence] Page 74 → Found: ['rfe_linked_to_evidence_issue', 'noid_linked_to_evidence_issue']
[evidence] Page 75 → sending...
[evidence] Page 75 done (6.4s)
[evidence] Page 75 → Found: ['rfe_linked_to_evidence_issue', 'noid_linked_to_evidence_issue', 'petition_type']
[evidence] Page 76 → sending...
[evidence] Page 76 done (9.6s)
[evidence] Page 76 → Found: ['rfe_linked_to_evidence_issue', 'noid_linked_to_evidence_issue']
[evidence] Page 77 → sending...
[evidence] Page 77 done (6.0s)
[evidence] Page 77 → Found: ['rfe_linked_to_evidence_issue', 'noid_linked_to_evidence_issue', 'petition_type']
[evidence] Page 78 → sending...
[evidence] Page 78 done (5.2s)
[evidence] Page 78 → Found: ['rfe_linked_to_evidence_issue', 'noid_linked_to_evidence_issue', 'petition_type']
[evidence] Page 79 → sending...
[evidence] Page 79 done (7.8s)
[evidence] Page 79 → Found: ['rfe_linked_to_evidence_issue', 'noid_linked_to_evidence_issue']
[evidence] Page 80 → sending...
[evidence] Page 80 done (8.3s)
[evidence] Page 80 → Found: ['rfe_linked_to_evidence_issue', 'noid_linked_to_evidence_issue']
[evidence] Page 81 → sending...
[evidence] Page 81 done (8.4s)
[evidence] Page 81 → Found: ['rfe_linked_to_evidence_issue', 'noid_linked_to_evidence_issue']
[evidence] Page 82 → sending...
[evidence] Page 82 done (8.6s)
[evidence] Page 82 → Found: ['rfe_linked_to_evidence_issue', 'noid_linked_to_evidence_issue']
[evidence] Page 83 → sending...
[evidence] Page 83 done (7.9s)
[evidence] Page 83 → Found: ['rfe_linked_to_evidence_issue', 'noid_linked_to_evidence_issue']
[evidence] Page 84 → sending...
[evidence] Page 84 done (7.0s)
[evidence] Page 84 → Found: ['rfe_linked_to_evidence_issue', 'noid_linked_to_evidence_issue']
[evidence] Page 85 → sending...
[evidence] Page 85 done (4.9s)
[evidence] Page 85 → Found: ['rfe_linked_to_evidence_issue', 'noid_linked_to_evidence_issue', 'petition_type']
[evidence] Page 86 → sending...
[evidence] Page 86 done (5.3s)
[evidence] Page 86 → Found: ['basis_for_application', 'evidence_of_positioning_present', 'rfe_linked_to_evidence_issue', 'noid_linked_to_evidence_issue', 'petition_type', 'beneficiary_industry']
[evidence] Page 87 → sending...
[evidence] Page 87 done (5.2s)
[evidence] Page 87 → Found: ['basis_for_application', 'evidence_of_positioning_present', 'rfe_linked_to_evidence_issue', 'noid_linked_to_evidence_issue', 'petition_type', 'beneficiary_industry', 'endeavor_field']
[evidence] Page 88 → sending...
[evidence] Page 88 done (4.9s)
[evidence] Page 88 → Found: ['rfe_linked_to_evidence_issue', 'noid_linked_to_evidence_issue', 'petition_type']
[evidence] Page 89 → sending...
[evidence] Page 89 done (6.3s)
[evidence] Page 89 → Found: ['rfe_linked_to_evidence_issue', 'noid_linked_to_evidence_issue', 'petition_type']
[evidence] Page 90 → sending...
[evidence] Page 90 done (8.5s)
[evidence] Page 90 → Found: ['rfe_linked_to_evidence_issue', 'noid_linked_to_evidence_issue']
[evidence] Page 91 → sending...
[evidence] Page 91 done (6.5s)
[evidence] Page 91 → Found: ['rfe_linked_to_evidence_issue', 'noid_linked_to_evidence_issue', 'petition_type']
[evidence] Page 92 → sending...
[evidence] Page 92 done (8.9s)
[evidence] Page 92 → Found: ['rfe_linked_to_evidence_issue', 'noid_linked_to_evidence_issue']
[evidence] Page 93 → sending...
[evidence] Page 93 done (5.9s)
[evidence] Page 93 → Found: ['rfe_linked_to_evidence_issue', 'noid_linked_to_evidence_issue', 'petition_type']
[evidence] Page 94 → sending...
[evidence] Page 94 done (8.4s)
[evidence] Page 94 → Found: ['basis_for_application', 'evidence_of_positioning_present', 'rfe_linked_to_evidence_issue', 'noid_linked_to_evidence_issue', 'petition_type']
[evidence] Page 95 → sending...
[evidence] Page 95 done (5.0s)
[evidence] Page 95 → Found: ['rfe_linked_to_evidence_issue', 'noid_linked_to_evidence_issue', 'petition_type']
[evidence] Page 96 → sending...
[evidence] Page 96 done (5.3s)
[evidence] Page 96 → Found: ['basis_for_application', 'evidence_of_positioning_present', 'rfe_linked_to_evidence_issue', 'noid_linked_to_evidence_issue', 'petition_type', 'beneficiary_industry', 'high_salary_claimed']
[evidence] Page 97 → sending...
[evidence] Page 97 done (5.5s)
[evidence] Page 97 → Found: ['basis_for_application', 'evidence_of_positioning_present', 'rfe_linked_to_evidence_issue', 'noid_linked_to_evidence_issue', 'petition_type', 'beneficiary_industry']
[evidence] Page 98 → sending...
[evidence] Page 98 done (5.3s)
[evidence] Page 98 → Found: ['rfe_linked_to_evidence_issue', 'noid_linked_to_evidence_issue', 'petition_type']
[evidence] Page 99 → sending...
[evidence] Page 99 done (8.2s)
[evidence] Page 99 → Found: ['rfe_linked_to_evidence_issue', 'noid_linked_to_evidence_issue']
[evidence] Page 100 → sending...
[evidence] Page 100 done (8.8s)
[evidence] Page 100 → Found: ['rfe_linked_to_evidence_issue', 'noid_linked_to_evidence_issue']
[evidence] Page 101 → sending...
[evidence] Page 101 done (6.6s)
[evidence] Page 101 → Found: ['rfe_linked_to_evidence_issue', 'noid_linked_to_evidence_issue', 'petition_type']
[evidence] Page 102 → sending...
[evidence] Page 102 done (10.8s)
[evidence] Page 102 → Found: ['included_publications', 'cell_cited', 'basis_for_application', 'evidence_of_positioning_present', 'rfe_linked_to_evidence_issue', 'noid_linked_to_evidence_issue']
[evidence] Page 103 → sending...
[evidence] Page 103 done (5.8s)
[evidence] Page 103 → Found: ['rfe_linked_to_evidence_issue', 'noid_linked_to_evidence_issue', 'petition_type']
[evidence] Page 104 → sending...
[evidence] Page 104 done (5.1s)
[evidence] Page 104 → Found: ['rfe_linked_to_evidence_issue', 'noid_linked_to_evidence_issue', 'petition_type']
[evidence] Page 105 → sending...
[evidence] Page 105 done (8.7s)
[evidence] Page 105 → Found: ['rfe_linked_to_evidence_issue', 'noid_linked_to_evidence_issue']
[evidence] Page 106 → sending...
[evidence] Page 106 done (8.3s)
[evidence] Page 106 → Found: ['rfe_linked_to_evidence_issue', 'noid_linked_to_evidence_issue']
[evidence] Page 107 → sending...
[evidence] Page 107 done (6.4s)
[evidence] Page 107 → Found: ['rfe_linked_to_evidence_issue', 'noid_linked_to_evidence_issue', 'petition_type']
[evidence] Page 108 → sending...
[evidence] Page 108 done (9.2s)
[evidence] Page 108 → Found: ['rfe_linked_to_evidence_issue', 'noid_linked_to_evidence_issue']
[evidence] Page 109 → sending...
[evidence] Page 109 done (5.9s)
[evidence] Page 109 → Found: ['rfe_linked_to_evidence_issue', 'noid_linked_to_evidence_issue', 'petition_type']
[evidence] Page 110 → sending...
[evidence] Page 110 done (5.2s)
[evidence] Page 110 → Found: ['rfe_linked_to_evidence_issue', 'noid_linked_to_evidence_issue', 'petition_type']
[evidence] Page 111 → sending...
[evidence] Page 111 done (6.3s)
[evidence] Page 111 → Found: ['rfe_linked_to_evidence_issue', 'noid_linked_to_evidence_issue', 'petition_type']
[evidence] Page 112 → sending...
[evidence] Page 112 done (8.6s)
[evidence] Page 112 → Found: ['rfe_linked_to_evidence_issue', 'noid_linked_to_evidence_issue']
[evidence] Page 113 → sending...
[evidence] Page 113 done (8.6s)
[evidence] Page 113 → Found: ['rfe_linked_to_evidence_issue', 'noid_linked_to_evidence_issue']
[evidence] Page 114 → sending...
[evidence] Page 114 done (9.6s)
[evidence] Page 114 → Found: ['rfe_linked_to_evidence_issue', 'noid_linked_to_evidence_issue']
[evidence] Page 115 → sending...
[evidence] Page 115 done (5.9s)
[evidence] Page 115 → Found: ['rfe_linked_to_evidence_issue', 'noid_linked_to_evidence_issue', 'petition_type']
[evidence] Page 116 → sending...
[evidence] Page 116 done (7.7s)
[evidence] Page 116 → Found: ['rfe_linked_to_evidence_issue', 'noid_linked_to_evidence_issue', 'petition_type']
[evidence] Page 117 → sending...
[evidence] Page 117 done (9.5s)
[evidence] Page 117 → Found: ['rfe_linked_to_evidence_issue', 'noid_linked_to_evidence_issue']
[evidence] Page 118 → sending...
[evidence] Page 118 done (8.4s)
[evidence] Page 118 → Found: ['rfe_linked_to_evidence_issue', 'noid_linked_to_evidence_issue']
[evidence] Page 119 → sending...
[evidence] Page 119 done (9.2s)
[evidence] Page 119 → Found: ['rfe_linked_to_evidence_issue', 'noid_linked_to_evidence_issue']
[evidence] Page 120 → sending...
[evidence] Page 120 done (9.3s)
[evidence] Page 120 → Found: ['rfe_linked_to_evidence_issue', 'noid_linked_to_evidence_issue']
[evidence] Page 121 → sending...
[evidence] Page 121 done (6.0s)
[evidence] Page 121 → Found: ['rfe_linked_to_evidence_issue', 'noid_linked_to_evidence_issue', 'petition_type']
[evidence] Page 122 → sending...
[evidence] Page 122 done (5.0s)
[evidence] Page 122 → Found: ['rfe_linked_to_evidence_issue', 'noid_linked_to_evidence_issue', 'petition_type']
[evidence] Page 123 → sending...
[evidence] Page 123 done (9.0s)
[evidence] Page 123 → Found: ['rfe_linked_to_evidence_issue', 'noid_linked_to_evidence_issue']
[evidence] Page 124 → sending...
[evidence] Page 124 done (8.7s)
[evidence] Page 124 → Found: ['rfe_linked_to_evidence_issue', 'noid_linked_to_evidence_issue']
[evidence] Page 125 → sending...
[evidence] Page 125 done (9.7s)
[evidence] Page 125 → Found: ['rfe_linked_to_evidence_issue', 'noid_linked_to_evidence_issue']
[evidence] Page 126 → sending...
[evidence] Page 126 done (9.6s)
[evidence] Page 126 → Found: ['rfe_linked_to_evidence_issue', 'noid_linked_to_evidence_issue']
[evidence] Page 127 → sending...
[evidence] Page 127 done (5.9s)
[evidence] Page 127 → Found: ['rfe_linked_to_evidence_issue', 'noid_linked_to_evidence_issue', 'petition_type']
[evidence] Page 128 → sending...
[evidence] Page 128 done (5.3s)
[evidence] Page 128 → Found: ['rfe_linked_to_evidence_issue', 'noid_linked_to_evidence_issue', 'petition_type']
[evidence] Page 129 → sending...
[evidence] Page 129 done (6.4s)
[evidence] Page 129 → Found: ['rfe_linked_to_evidence_issue', 'noid_linked_to_evidence_issue', 'petition_type']
[evidence] Page 130 → sending...
[evidence] Page 130 done (8.8s)
[evidence] Page 130 → Found: ['rfe_linked_to_evidence_issue', 'noid_linked_to_evidence_issue']
[evidence] Page 131 → sending...
[evidence] Page 131 done (9.9s)
[evidence] Page 131 → Found: ['rfe_linked_to_evidence_issue', 'noid_linked_to_evidence_issue']
[evidence] Page 132 → sending...
[evidence] Page 132 done (9.8s)
[evidence] Page 132 → Found: ['rfe_linked_to_evidence_issue', 'noid_linked_to_evidence_issue']
[evidence] Page 133 → sending...
[evidence] Page 133 done (6.0s)
[evidence] Page 133 → Found: ['rfe_linked_to_evidence_issue', 'noid_linked_to_evidence_issue', 'petition_type']
[evidence] Page 134 → sending...
[evidence] Page 134 done (5.4s)
[evidence] Page 134 → Found: ['rfe_linked_to_evidence_issue', 'noid_linked_to_evidence_issue', 'petition_type']
[evidence] Page 135 → sending...
[evidence] Page 135 done (8.6s)
[evidence] Page 135 → Found: ['rfe_linked_to_evidence_issue', 'noid_linked_to_evidence_issue']
[evidence] Page 136 → sending...
[evidence] Page 136 done (8.7s)
[evidence] Page 136 → Found: ['rfe_linked_to_evidence_issue', 'noid_linked_to_evidence_issue']
[evidence] Page 137 → sending...
[evidence] Page 137 done (6.3s)
[evidence] Page 137 → Found: ['rfe_linked_to_evidence_issue', 'noid_linked_to_evidence_issue', 'petition_type']
[evidence] Page 138 → sending...
[evidence] Page 138 done (10.6s)
[evidence] Page 138 → Found: ['included_publications', 'cell_cited', 'basis_for_application', 'evidence_of_positioning_present', 'rfe_linked_to_evidence_issue', 'noid_linked_to_evidence_issue']
[evidence] Page 139 → sending...
[evidence] Page 139 done (5.9s)
[evidence] Page 139 → Found: ['rfe_linked_to_evidence_issue', 'noid_linked_to_evidence_issue', 'petition_type']
[evidence] Page 140 → sending...
[evidence] Page 140 done (5.3s)
[evidence] Page 140 → Found: ['rfe_linked_to_evidence_issue', 'noid_linked_to_evidence_issue', 'petition_type']
[evidence] Page 141 → sending...
[evidence] Page 141 done (8.9s)
[evidence] Page 141 → Found: ['rfe_linked_to_evidence_issue', 'noid_linked_to_evidence_issue']
[evidence] Page 142 → sending...
[evidence] Page 142 done (8.8s)
[evidence] Page 142 → Found: ['rfe_linked_to_evidence_issue', 'noid_linked_to_evidence_issue']
[evidence] Page 143 → sending...
[evidence] Page 143 done (9.9s)
[evidence] Page 143 → Found: ['rfe_linked_to_evidence_issue', 'noid_linked_to_evidence_issue']
[evidence] Page 144 → sending...
[evidence] Page 144 done (9.6s)
[evidence] Page 144 → Found: ['rfe_linked_to_evidence_issue', 'noid_linked_to_evidence_issue', 'petition_type']
[evidence] Page 145 → sending...
[evidence] Page 145 done (6.0s)
[evidence] Page 145 → Found: ['rfe_linked_to_evidence_issue', 'noid_linked_to_evidence_issue', 'petition_type']
[evidence] Page 146 → sending...
[evidence] Page 146 done (5.1s)
[evidence] Page 146 → Found: ['rfe_linked_to_evidence_issue', 'noid_linked_to_evidence_issue', 'petition_type']
[evidence] Page 147 → sending...
[evidence] Page 147 done (8.4s)
[evidence] Page 147 → Found: ['rfe_linked_to_evidence_issue', 'noid_linked_to_evidence_issue']
[evidence] Page 148 → sending...
[evidence] Page 148 done (8.6s)
[evidence] Page 148 → Found: ['rfe_linked_to_evidence_issue', 'noid_linked_to_evidence_issue']
[evidence] Page 149 → sending...
[evidence] Page 149 done (8.8s)
[evidence] Page 149 → Found: ['rfe_linked_to_evidence_issue', 'noid_linked_to_evidence_issue']
[evidence] Page 150 → sending...
[evidence] Page 150 done (9.6s)
[evidence] Page 150 → Found: ['rfe_linked_to_evidence_issue', 'noid_linked_to_evidence_issue', 'petition_type']
[evidence] Page 151 → sending...
[evidence] Page 151 done (5.9s)
[evidence] Page 151 → Found: ['rfe_linked_to_evidence_issue', 'noid_linked_to_evidence_issue', 'petition_type']
[evidence] Page 152 → sending...
[evidence] Page 152 done (9.0s)
[evidence] Page 152 → Found: ['rfe_linked_to_evidence_issue', 'noid_linked_to_evidence_issue', 'petition_type']
[evidence] Page 153 → sending...
[evidence] Page 153 done (9.1s)
[evidence] Page 153 → Found: ['rfe_linked_to_evidence_issue', 'noid_linked_to_evidence_issue']
[evidence] Page 154 → sending...
[evidence] Page 154 done (8.4s)
[evidence] Page 154 → Found: ['rfe_linked_to_evidence_issue', 'noid_linked_to_evidence_issue']
[evidence] Page 155 → sending...
[evidence] Page 155 done (6.4s)
[evidence] Page 155 → Found: ['rfe_linked_to_evidence_issue', 'noid_linked_to_evidence_issue', 'petition_type']
[evidence] Page 156 → sending...
[evidence] Page 156 done (9.7s)
[evidence] Page 156 → Found: ['rfe_linked_to_evidence_issue', 'noid_linked_to_evidence_issue']
[evidence] Page 157 → sending...
[evidence] Page 157 done (5.9s)
[evidence] Page 157 → Found: ['rfe_linked_to_evidence_issue', 'noid_linked_to_evidence_issue', 'petition_type']
[evidence] Page 158 → sending...
[evidence] Page 158 done (5.1s)
[evidence] Page 158 → Found: ['rfe_linked_to_evidence_issue', 'noid_linked_to_evidence_issue', 'petition_type']
[evidence] Page 159 → sending...
[evidence] Page 159 done (6.6s)
[evidence] Page 159 → Found: ['rfe_linked_to_evidence_issue', 'noid_linked_to_evidence_issue', 'petition_type']
[evidence] Page 160 → sending...
[evidence] Page 160 done (8.6s)
[evidence] Page 160 → Found: ['rfe_linked_to_evidence_issue', 'noid_linked_to_evidence_issue']
[evidence] Page 161 → sending...
[evidence] Page 161 done (6.4s)
[evidence] Page 161 → Found: ['rfe_linked_to_evidence_issue', 'noid_linked_to_evidence_issue', 'petition_type']
[evidence] Page 162 → sending...
[evidence] Page 162 done (9.4s)
[evidence] Page 162 → Found: ['rfe_linked_to_evidence_issue', 'noid_linked_to_evidence_issue', 'petition_type']
[evidence] Page 163 → sending...
[evidence] Page 163 done (5.7s)
[evidence] Page 163 → Found: ['rfe_linked_to_evidence_issue', 'noid_linked_to_evidence_issue', 'petition_type']
[evidence] Page 164 → sending...
[evidence] Page 164 done (7.5s)
[evidence] Page 164 → Found: ['rfe_linked_to_evidence_issue', 'noid_linked_to_evidence_issue', 'petition_type']
[evidence] Page 165 → sending...
[evidence] Page 165 done (4.9s)
[evidence] Page 165 → Found: ['rfe_linked_to_evidence_issue', 'noid_linked_to_evidence_issue', 'petition_type']
[evidence] Page 166 → sending...
[evidence] Page 166 done (5.3s)
[evidence] Page 166 → Found: ['basis_for_application', 'rfe_linked_to_evidence_issue', 'noid_linked_to_evidence_issue', 'petition_type', 'beneficiary_industry', 'high_salary_claimed']
[evidence] Page 167 → sending...
[evidence] Page 167 done (5.5s)
[evidence] Page 167 → Found: ['rfe_linked_to_evidence_issue', 'noid_linked_to_evidence_issue', 'petition_type']
[evidence] Page 168 → sending...
[evidence] Page 168 done (5.2s)
[evidence] Page 168 → Found: ['rfe_linked_to_evidence_issue', 'noid_linked_to_evidence_issue', 'petition_type']
[evidence] Page 169 → sending...
[evidence] Page 169 done (5.0s)
[evidence] Page 169 → Found: ['rfe_linked_to_evidence_issue', 'noid_linked_to_evidence_issue', 'petition_type']
[evidence] Page 170 → sending...
[evidence] Page 170 done (8.2s)
[evidence] Page 170 → Found: ['rfe_linked_to_evidence_issue', 'noid_linked_to_evidence_issue', 'petition_type']
[evidence] Page 171 → sending...
[evidence] Page 171 done (5.7s)
[evidence] Page 171 → Found: ['rfe_linked_to_evidence_issue', 'noid_linked_to_evidence_issue', 'petition_type']
[evidence] Page 172 → sending...
[evidence] Page 172 done (5.7s)
[evidence] Page 172 → Found: ['rfe_linked_to_evidence_issue', 'noid_linked_to_evidence_issue', 'petition_type']
[evidence] Page 173 → sending...
[evidence] Page 173 done (5.6s)
[evidence] Page 173 → Found: ['rfe_linked_to_evidence_issue', 'noid_linked_to_evidence_issue', 'petition_type']
[evidence] Page 174 → sending...
[evidence] Page 174 done (5.4s)
[evidence] Page 174 → Found: ['rfe_linked_to_evidence_issue', 'noid_linked_to_evidence_issue', 'petition_type']
[evidence] Page 175 → sending...
[evidence] Page 175 done (5.3s)
[evidence] Page 175 → Found: ['rfe_linked_to_evidence_issue', 'noid_linked_to_evidence_issue', 'petition_type']
[evidence] Page 176 → sending...
[evidence] Page 176 done (5.3s)
[evidence] Page 176 → Found: ['rfe_linked_to_evidence_issue', 'noid_linked_to_evidence_issue', 'petition_type']
[evidence] Page 177 → sending...
[evidence] Page 177 done (5.4s)
[evidence] Page 177 → Found: ['rfe_linked_to_evidence_issue', 'noid_linked_to_evidence_issue', 'petition_type']
[evidence] Page 178 → sending...
[evidence] Page 178 done (5.1s)
[evidence] Page 178 → Found: ['rfe_linked_to_evidence_issue', 'noid_linked_to_evidence_issue', 'petition_type']
[evidence] Page 179 → sending...
[evidence] Page 179 done (5.1s)
[evidence] Page 179 → Found: ['rfe_linked_to_evidence_issue', 'noid_linked_to_evidence_issue', 'petition_type']
[evidence] Page 180 → sending...
[evidence] Page 180 done (5.2s)
[evidence] Page 180 → Found: ['basis_for_application', 'evidence_of_positioning_present', 'rfe_linked_to_evidence_issue', 'noid_linked_to_evidence_issue', 'petition_type', 'beneficiary_industry', 'endeavor_field']
[evidence] Page 181 → sending...
[evidence] Page 181 done (5.1s)
[evidence] Page 181 → Found: ['rfe_linked_to_evidence_issue', 'noid_linked_to_evidence_issue', 'petition_type']
[evidence] Page 182 → sending...
[evidence] Page 182 done (5.0s)
[evidence] Page 182 → Found: ['rfe_linked_to_evidence_issue', 'noid_linked_to_evidence_issue', 'petition_type']
[evidence] Page 183 → sending...
[evidence] Page 183 done (5.1s)
[evidence] Page 183 → Found: ['rfe_linked_to_evidence_issue', 'noid_linked_to_evidence_issue', 'petition_type']
[evidence] Page 184 → sending...
[evidence] Page 184 done (5.8s)
[evidence] Page 184 → Found: ['basis_for_application', 'evidence_of_positioning_present', 'rfe_linked_to_evidence_issue', 'noid_linked_to_evidence_issue', 'petition_type', 'beneficiary_industry']
[evidence] Page 185 → sending...
[evidence] Page 185 done (7.4s)
[evidence] Page 185 → Found: ['basis_for_application', 'evidence_of_positioning_present', 'rfe_linked_to_evidence_issue', 'noid_linked_to_evidence_issue', 'petition_type']
[evidence] Page 186 → sending...
[evidence] Page 186 done (4.9s)
[evidence] Page 186 → Found: ['rfe_linked_to_evidence_issue', 'noid_linked_to_evidence_issue', 'petition_type']
[evidence] Page 187 → sending...
[evidence] Page 187 done (5.4s)
[evidence] Page 187 → Found: ['basis_for_application', 'evidence_of_positioning_present', 'rfe_linked_to_evidence_issue', 'noid_linked_to_evidence_issue', 'petition_type', 'beneficiary_industry', 'endeavor_field']
[evidence] Page 188 → sending...
[evidence] Page 188 done (5.3s)
[evidence] Page 188 → Found: ['basis_for_application', 'evidence_of_positioning_present', 'rfe_linked_to_evidence_issue', 'noid_linked_to_evidence_issue', 'petition_type', 'beneficiary_industry']
[evidence] Page 189 → sending...
[evidence] Page 189 done (5.1s)
[evidence] Page 189 → Found: ['rfe_linked_to_evidence_issue', 'noid_linked_to_evidence_issue', 'petition_type']
[evidence] Page 190 → sending...
[evidence] Page 190 done (7.4s)
[evidence] Page 190 → Found: ['rfe_linked_to_evidence_issue', 'noid_linked_to_evidence_issue']
[evidence] Page 191 → sending...
[evidence] Page 191 done (5.3s)
[evidence] Page 191 → Found: ['rfe_linked_to_evidence_issue', 'noid_linked_to_evidence_issue', 'petition_type', 'beneficiary_industry']
[evidence] Page 192 → sending...
[evidence] Page 192 done (5.2s)
[evidence] Page 192 → Found: ['basis_for_application', 'evidence_of_positioning_present', 'rfe_linked_to_evidence_issue', 'noid_linked_to_evidence_issue', 'petition_type', 'beneficiary_industry']
[evidence] Page 193 → sending...
[evidence] Page 193 done (6.8s)
[evidence] Page 193 → Found: ['basis_for_application', 'rfe_linked_to_evidence_issue', 'noid_linked_to_evidence_issue', 'petition_type', 'beneficiary_industry']
[evidence] Page 194 → sending...
[evidence] Page 194 done (8.1s)
[evidence] Page 194 → Found: ['basis_for_application', 'evidence_of_positioning_present', 'rfe_linked_to_evidence_issue', 'noid_linked_to_evidence_issue', 'petition_type', 'beneficiary_industry', 'endeavor_field']
[evidence] Page 195 → sending...
[evidence] Page 195 done (5.0s)
[evidence] Page 195 → Found: ['rfe_linked_to_evidence_issue', 'noid_linked_to_evidence_issue', 'petition_type', 'beneficiary_industry']
[evidence] Page 196 → sending...
[evidence] Page 196 done (7.7s)
[evidence] Page 196 → Found: ['basis_for_application', 'rfe_linked_to_evidence_issue', 'noid_linked_to_evidence_issue', 'petition_type', 'beneficiary_industry']
[evidence] Page 197 → sending...
[evidence] Page 197 done (9.2s)
[evidence] Page 197 → Found: ['basis_for_application', 'evidence_of_positioning_present', 'rfe_linked_to_evidence_issue', 'noid_linked_to_evidence_issue', 'petition_type', 'beneficiary_industry', 'endeavor_field']
[evidence] Page 198 → sending...
[evidence] Page 198 done (5.3s)
[evidence] Page 198 → Found: ['rfe_linked_to_evidence_issue', 'noid_linked_to_evidence_issue', 'petition_type', 'beneficiary_industry']
[evidence] Page 199 → sending...
[evidence] Page 199 done (5.5s)
[evidence] Page 199 → Found: ['basis_for_application', 'evidence_of_positioning_present', 'rfe_linked_to_evidence_issue', 'noid_linked_to_evidence_issue', 'petition_type', 'beneficiary_industry', 'endeavor_field']
[evidence] Page 200 → sending...
[evidence] Page 200 done (5.2s)
[evidence] Page 200 → Found: ['rfe_linked_to_evidence_issue', 'noid_linked_to_evidence_issue', 'petition_type', 'beneficiary_industry']
[evidence] Page 201 → sending...
[evidence] Page 201 done (5.2s)
[evidence] Page 201 → Found: ['rfe_linked_to_evidence_issue', 'noid_linked_to_evidence_issue', 'petition_type', 'beneficiary_industry']
[evidence] Page 202 → sending...
[evidence] Page 202 done (9.0s)
[evidence] Page 202 → Found: ['basis_for_application', 'rfe_linked_to_evidence_issue', 'noid_linked_to_evidence_issue', 'petition_type', 'beneficiary_industry']
[evidence] Page 203 → sending...
[evidence] Page 203 done (5.4s)
[evidence] Page 203 → Found: ['included_publications', 'basis_for_application', 'evidence_of_positioning_present', 'rfe_linked_to_evidence_issue', 'noid_linked_to_evidence_issue', 'petition_type', 'beneficiary_industry', 'publications_included_petition', 'endeavor_field']
[evidence] Page 204 → sending...
[evidence] Page 204 done (5.1s)
[evidence] Page 204 → Found: ['rfe_linked_to_evidence_issue', 'noid_linked_to_evidence_issue', 'petition_type', 'beneficiary_industry']
[evidence] Page 205 → sending...
[evidence] Page 205 done (5.3s)
[evidence] Page 205 → Found: ['basis_for_application', 'rfe_linked_to_evidence_issue', 'noid_linked_to_evidence_issue', 'petition_type', 'beneficiary_industry', 'endeavor_field']
[evidence] Page 206 → sending...
[evidence] Page 206 done (5.0s)
[evidence] Page 206 → Found: ['rfe_linked_to_evidence_issue', 'noid_linked_to_evidence_issue', 'petition_type']
[evidence] Page 207 → sending...
[evidence] Page 207 done (7.3s)
[evidence] Page 207 → Found: ['rfe_linked_to_evidence_issue', 'noid_linked_to_evidence_issue', 'petition_type']
[evidence] Page 208 → sending...
[evidence] Page 208 done (5.1s)
[evidence] Page 208 → Found: ['rfe_linked_to_evidence_issue', 'noid_linked_to_evidence_issue', 'petition_type', 'beneficiary_industry']
[evidence] Page 209 → sending...
[evidence] Page 209 done (5.4s)
[evidence] Page 209 → Found: ['basis_for_application', 'rfe_linked_to_evidence_issue', 'noid_linked_to_evidence_issue', 'petition_type', 'beneficiary_industry']
[evidence] Page 210 → sending...
[evidence] Page 210 done (7.5s)
[evidence] Page 210 → Found: ['basis_for_application', 'rfe_linked_to_evidence_issue', 'noid_linked_to_evidence_issue', 'petition_type', 'beneficiary_industry']
[evidence] Page 211 → sending...
[evidence] Page 211 done (5.3s)
[evidence] Page 211 → Found: ['basis_for_application', 'evidence_of_positioning_present', 'rfe_linked_to_evidence_issue', 'noid_linked_to_evidence_issue', 'petition_type', 'beneficiary_industry', 'endeavor_field']
[evidence] Page 212 → sending...
[evidence] Page 212 done (5.2s)
[evidence] Page 212 → Found: ['basis_for_application', 'rfe_linked_to_evidence_issue', 'noid_linked_to_evidence_issue', 'petition_type', 'beneficiary_industry', 'endeavor_field']
[evidence] Page 213 → sending...
[evidence] Page 213 done (5.2s)
[evidence] Page 213 → Found: ['basis_for_application', 'evidence_of_positioning_present', 'rfe_linked_to_evidence_issue', 'noid_linked_to_evidence_issue', 'petition_type', 'beneficiary_industry', 'endeavor_field']
[evidence] Page 214 → sending...
[evidence] Page 214 done (5.1s)
[evidence] Page 214 → Found: ['basis_for_application', 'rfe_linked_to_evidence_issue', 'noid_linked_to_evidence_issue', 'petition_type', 'beneficiary_industry']
[evidence] Page 215 → sending...
[evidence] Page 215 done (5.1s)
[evidence] Page 215 → Found: ['basis_for_application', 'rfe_linked_to_evidence_issue', 'noid_linked_to_evidence_issue', 'petition_type', 'beneficiary_industry', 'endeavor_field']
[evidence] Page 216 → sending...
[evidence] Page 216 done (5.3s)
[evidence] Page 216 → Found: ['basis_for_application', 'evidence_of_positioning_present', 'rfe_linked_to_evidence_issue', 'noid_linked_to_evidence_issue', 'petition_type', 'beneficiary_industry', 'endeavor_field']
[evidence] Page 217 → sending...
[evidence] Page 217 done (5.3s)
[evidence] Page 217 → Found: ['rfe_linked_to_evidence_issue', 'noid_linked_to_evidence_issue', 'petition_type']
[evidence] Page 218 → sending...
[evidence] Page 218 done (7.6s)
[evidence] Page 218 → Found: ['rfe_linked_to_evidence_issue', 'noid_linked_to_evidence_issue']
[evidence] Page 219 → sending...
[evidence] Page 219 done (5.0s)
[evidence] Page 219 → Found: ['rfe_linked_to_evidence_issue', 'noid_linked_to_evidence_issue', 'petition_type']
[evidence] Page 220 → sending...
[evidence] Page 220 done (6.9s)
[evidence] Page 220 → Found: ['rfe_linked_to_evidence_issue', 'noid_linked_to_evidence_issue', 'petition_type']
[evidence] Page 221 → sending...
[evidence] Page 221 done (5.0s)
[evidence] Page 221 → Found: ['rfe_linked_to_evidence_issue', 'noid_linked_to_evidence_issue', 'petition_type']
[evidence] Page 222 → sending...
[evidence] Page 222 done (4.9s)
[evidence] Page 222 → Found: ['rfe_linked_to_evidence_issue', 'noid_linked_to_evidence_issue', 'petition_type']
[evidence] Page 223 → sending...
[evidence] Page 223 done (5.0s)
[evidence] Page 223 → Found: ['rfe_linked_to_evidence_issue', 'noid_linked_to_evidence_issue', 'petition_type']
[evidence] Page 224 → sending...
[evidence] Page 224 done (5.2s)
[evidence] Page 224 → Found: ['rfe_linked_to_evidence_issue', 'noid_linked_to_evidence_issue', 'petition_type']
[evidence] Page 225 → sending...
[evidence] Page 225 done (5.0s)
[evidence] Page 225 → Found: ['rfe_linked_to_evidence_issue', 'noid_linked_to_evidence_issue', 'petition_type']
[evidence] Page 226 → sending...
[evidence] Page 226 done (4.9s)
[evidence] Page 226 → Found: ['rfe_linked_to_evidence_issue', 'noid_linked_to_evidence_issue', 'petition_type']
[evidence] Page 227 → sending...
[evidence] Page 227 done (5.0s)
[evidence] Page 227 → Found: ['rfe_linked_to_evidence_issue', 'noid_linked_to_evidence_issue', 'petition_type']
[evidence] Page 228 → sending...
[evidence] Page 228 done (5.0s)
[evidence] Page 228 → Found: ['rfe_linked_to_evidence_issue', 'noid_linked_to_evidence_issue', 'petition_type']
[evidence] Page 229 → sending...
[evidence] Page 229 done (5.0s)
[evidence] Page 229 → Found: ['rfe_linked_to_evidence_issue', 'noid_linked_to_evidence_issue', 'petition_type']
[evidence] Page 230 → sending...
[evidence] Page 230 done (4.9s)
[evidence] Page 230 → Found: ['rfe_linked_to_evidence_issue', 'noid_linked_to_evidence_issue', 'petition_type']
[evidence] Page 231 → sending...
[evidence] Page 231 done (5.3s)
[evidence] Page 231 → Found: ['rfe_linked_to_evidence_issue', 'noid_linked_to_evidence_issue', 'petition_type']
[evidence] Page 232 → sending...
[evidence] Page 232 done (7.5s)
[evidence] Page 232 → Found: ['rfe_linked_to_evidence_issue', 'noid_linked_to_evidence_issue']
[evidence] Page 233 → sending...
[evidence] Page 233 done (7.4s)
[evidence] Page 233 → Found: ['rfe_linked_to_evidence_issue', 'noid_linked_to_evidence_issue', 'petition_type']
[evidence] Page 234 → sending...
[evidence] Page 234 done (4.9s)
[evidence] Page 234 → Found: ['rfe_linked_to_evidence_issue', 'noid_linked_to_evidence_issue', 'petition_type']
[evidence] Page 235 → sending...
[evidence] Page 235 done (5.0s)
[evidence] Page 235 → Found: ['rfe_linked_to_evidence_issue', 'noid_linked_to_evidence_issue', 'petition_type']
[evidence] Page 236 → sending...
[evidence] Page 236 done (7.2s)
[evidence] Page 236 → Found: ['rfe_linked_to_evidence_issue', 'noid_linked_to_evidence_issue']
[evidence] Page 237 → sending...
[evidence] Page 237 done (4.9s)
[evidence] Page 237 → Found: ['rfe_linked_to_evidence_issue', 'noid_linked_to_evidence_issue', 'petition_type']
[evidence] Page 238 → sending...
[evidence] Page 238 done (5.0s)
[evidence] Page 238 → Found: ['rfe_linked_to_evidence_issue', 'noid_linked_to_evidence_issue', 'petition_type']
[evidence] Page 239 → sending...
[evidence] Page 239 done (5.3s)
[evidence] Page 239 → Found: ['rfe_linked_to_evidence_issue', 'noid_linked_to_evidence_issue', 'petition_type']
[evidence] Page 240 → sending...
[evidence] Page 240 done (5.1s)
[evidence] Page 240 → Found: ['rfe_linked_to_evidence_issue', 'noid_linked_to_evidence_issue', 'petition_type']
[evidence] Page 241 → sending...
[evidence] Page 241 done (5.1s)
[evidence] Page 241 → Found: ['rfe_linked_to_evidence_issue', 'noid_linked_to_evidence_issue', 'petition_type']
[evidence] Page 242 → sending...
[evidence] Page 242 done (5.0s)
[evidence] Page 242 → Found: ['rfe_linked_to_evidence_issue', 'noid_linked_to_evidence_issue', 'petition_type']
[evidence] Page 243 → sending...
[evidence] Page 243 done (5.2s)
[evidence] Page 243 → Found: ['rfe_linked_to_evidence_issue', 'noid_linked_to_evidence_issue', 'petition_type']
[evidence] Page 244 → sending...
[evidence] Page 244 done (6.4s)
[evidence] Page 244 → Found: ['rfe_linked_to_evidence_issue', 'noid_linked_to_evidence_issue']
[evidence] Page 245 → sending...
[evidence] Page 245 done (5.0s)
[evidence] Page 245 → Found: ['rfe_linked_to_evidence_issue', 'noid_linked_to_evidence_issue', 'petition_type']
[evidence] Page 246 → sending...
[evidence] Page 246 done (5.0s)
[evidence] Page 246 → Found: ['rfe_linked_to_evidence_issue', 'noid_linked_to_evidence_issue', 'petition_type']
[evidence] Page 247 → sending...
[evidence] Page 247 done (5.1s)
[evidence] Page 247 → Found: ['basis_for_application', 'evidence_of_positioning_present', 'rfe_linked_to_evidence_issue', 'noid_linked_to_evidence_issue', 'petition_type', 'beneficiary_industry', 'high_salary_claimed']
[evidence] Page 248 → sending...
[evidence] Page 248 done (5.0s)
[evidence] Page 248 → Found: ['rfe_linked_to_evidence_issue', 'noid_linked_to_evidence_issue', 'petition_type']
[evidence] Page 249 → sending...
[evidence] Page 249 done (5.1s)
[evidence] Page 249 → Found: ['basis_for_application', 'evidence_of_positioning_present', 'rfe_linked_to_evidence_issue', 'noid_linked_to_evidence_issue', 'petition_type', 'beneficiary_industry']
[evidence] Page 250 → sending...
[evidence] Page 250 done (5.1s)
[evidence] Page 250 → Found: ['rfe_linked_to_evidence_issue', 'noid_linked_to_evidence_issue', 'petition_type']
[evidence] Page 251 → sending...
[evidence] Page 251 done (5.1s)
[evidence] Page 251 → Found: ['rfe_linked_to_evidence_issue', 'noid_linked_to_evidence_issue', 'petition_type', 'beneficiary_industry', 'endeavor_field']
[evidence] Page 252 → sending...
[evidence] Page 252 done (5.1s)
[evidence] Page 252 → Found: ['rfe_linked_to_evidence_issue', 'noid_linked_to_evidence_issue', 'petition_type']
[evidence] Page 253 → sending...
[evidence] Page 253 done (5.3s)
[evidence] Page 253 → Found: ['basis_for_application', 'rfe_linked_to_evidence_issue', 'noid_linked_to_evidence_issue', 'petition_type', 'beneficiary_industry']
[evidence] Page 254 → sending...
[evidence] Page 254 done (5.1s)
[evidence] Page 254 → Found: ['basis_for_application', 'evidence_of_positioning_present', 'rfe_linked_to_evidence_issue', 'noid_linked_to_evidence_issue', 'petition_type', 'beneficiary_industry', 'endeavor_field']
[evidence] Page 255 → sending...
[evidence] Page 255 done (5.0s)
[evidence] Page 255 → Found: ['rfe_linked_to_evidence_issue', 'noid_linked_to_evidence_issue', 'petition_type']
[evidence] Page 256 → sending...
[evidence] Page 256 done (5.2s)
[evidence] Page 256 → Found: ['basis_for_application', 'evidence_of_positioning_present', 'rfe_linked_to_evidence_issue', 'noid_linked_to_evidence_issue', 'petition_type', 'beneficiary_industry', 'high_salary_claimed']
[evidence] Page 257 → sending...
[evidence] Page 257 done (5.3s)
[evidence] Page 257 → Found: ['basis_for_application', 'evidence_of_positioning_present', 'rfe_linked_to_evidence_issue', 'noid_linked_to_evidence_issue', 'petition_type', 'beneficiary_industry']
[evidence] Page 258 → sending...
[evidence] Page 258 done (5.1s)
[evidence] Page 258 → Found: ['rfe_linked_to_evidence_issue', 'noid_linked_to_evidence_issue', 'petition_type']
[evidence] Page 259 → sending...
[evidence] Page 259 done (5.4s)
[evidence] Page 259 → Found: ['basis_for_application', 'evidence_of_positioning_present', 'rfe_linked_to_evidence_issue', 'noid_linked_to_evidence_issue', 'petition_type', 'beneficiary_industry', 'endeavor_field']
[evidence] Page 260 → sending...
[evidence] Page 260 done (5.5s)
[evidence] Page 260 → Found: ['basis_for_application', 'evidence_of_positioning_present', 'rfe_linked_to_evidence_issue', 'noid_linked_to_evidence_issue', 'petition_type', 'beneficiary_industry']
[evidence] Page 261 → sending...
[evidence] Page 261 done (5.1s)
[evidence] Page 261 → Found: ['rfe_linked_to_evidence_issue', 'noid_linked_to_evidence_issue', 'petition_type']
[evidence] Page 262 → sending...
[evidence] Page 262 done (9.5s)
[evidence] Page 262 → Found: ['basis_for_application', 'evidence_of_positioning_present', 'rfe_linked_to_evidence_issue', 'noid_linked_to_evidence_issue', 'petition_type', 'beneficiary_industry', 'endeavor_field']
[evidence] Page 263 → sending...
[evidence] Page 263 done (5.2s)
[evidence] Page 263 → Found: ['rfe_linked_to_evidence_issue', 'noid_linked_to_evidence_issue', 'petition_type', 'beneficiary_industry']
[evidence] Page 264 → sending...
[evidence] Page 264 done (5.3s)
[evidence] Page 264 → Found: ['basis_for_application', 'rfe_linked_to_evidence_issue', 'noid_linked_to_evidence_issue', 'petition_type', 'beneficiary_industry', 'endeavor_field']
[evidence] Page 265 → sending...
[evidence] Page 265 done (5.3s)
[evidence] Page 265 → Found: ['rfe_linked_to_evidence_issue', 'noid_linked_to_evidence_issue', 'petition_type', 'beneficiary_industry']
[evidence] Page 266 → sending...
[evidence] Page 266 done (5.1s)
[evidence] Page 266 → Found: ['rfe_linked_to_evidence_issue', 'noid_linked_to_evidence_issue', 'petition_type']
[evidence] Page 267 → sending...
[evidence] Page 267 done (11.0s)
[evidence] Page 267 → Found: ['basis_for_application', 'evidence_of_positioning_present', 'rfe_linked_to_evidence_issue', 'noid_linked_to_evidence_issue', 'petition_type', 'beneficiary_industry']
[evidence] Page 268 → sending...
[evidence] Page 268 done (5.3s)
[evidence] Page 268 → Found: ['included_publications', 'basis_for_application', 'evidence_of_positioning_present', 'rfe_linked_to_evidence_issue', 'noid_linked_to_evidence_issue', 'petition_type', 'beneficiary_industry', 'publications_included_petition', 'endeavor_field']
[evidence] Page 269 → sending...
[evidence] Page 269 done (5.3s)
[evidence] Page 269 → Found: ['rfe_linked_to_evidence_issue', 'noid_linked_to_evidence_issue', 'petition_type', 'beneficiary_industry']
[evidence] Page 270 → sending...
[evidence] Page 270 done (5.4s)
[evidence] Page 270 → Found: ['basis_for_application', 'rfe_linked_to_evidence_issue', 'noid_linked_to_evidence_issue', 'petition_type', 'beneficiary_industry', 'endeavor_field']
[evidence] Page 271 → sending...
[evidence] Page 271 done (5.1s)
[evidence] Page 271 → Found: ['rfe_linked_to_evidence_issue', 'noid_linked_to_evidence_issue', 'petition_type']
[evidence] Page 272 → sending...
[evidence] Page 272 done (7.3s)
[evidence] Page 272 → Found: ['rfe_linked_to_evidence_issue', 'noid_linked_to_evidence_issue', 'petition_type']
[evidence] Page 273 → sending...
[evidence] Page 273 done (5.3s)
[evidence] Page 273 → Found: ['basis_for_application', 'evidence_of_positioning_present', 'rfe_linked_to_evidence_issue', 'noid_linked_to_evidence_issue', 'petition_type', 'beneficiary_industry']
[evidence] Page 274 → sending...
[evidence] Page 274 done (5.3s)
[evidence] Page 274 → Found: ['basis_for_application', 'rfe_linked_to_evidence_issue', 'noid_linked_to_evidence_issue', 'petition_type', 'beneficiary_industry']
[evidence] Page 275 → sending...
[evidence] Page 275 done (7.3s)
[evidence] Page 275 → Found: ['basis_for_application', 'rfe_linked_to_evidence_issue', 'noid_linked_to_evidence_issue', 'petition_type', 'beneficiary_industry']
[evidence] Page 276 → sending...
[evidence] Page 276 done (5.2s)
[evidence] Page 276 → Found: ['basis_for_application', 'evidence_of_positioning_present', 'rfe_linked_to_evidence_issue', 'noid_linked_to_evidence_issue', 'petition_type', 'beneficiary_industry', 'endeavor_field']
[evidence] Page 277 → sending...
[evidence] Page 277 done (5.7s)
[evidence] Page 277 → Found: ['basis_for_application', 'evidence_of_positioning_present', 'rfe_linked_to_evidence_issue', 'noid_linked_to_evidence_issue', 'petition_type', 'beneficiary_industry', 'endeavor_field']
[evidence] Page 278 → sending...
[evidence] Page 278 done (5.4s)
[evidence] Page 278 → Found: ['basis_for_application', 'evidence_of_positioning_present', 'rfe_linked_to_evidence_issue', 'noid_linked_to_evidence_issue', 'petition_type', 'beneficiary_industry', 'endeavor_field']
[evidence] Page 279 → sending...
[evidence] Page 279 done (5.6s)
[evidence] Page 279 → Found: ['basis_for_application', 'evidence_of_positioning_present', 'rfe_linked_to_evidence_issue', 'noid_linked_to_evidence_issue', 'petition_type', 'beneficiary_industry']
[evidence] Page 280 → sending...
[evidence] Page 280 done (5.3s)
[evidence] Page 280 → Found: ['basis_for_application', 'rfe_linked_to_evidence_issue', 'noid_linked_to_evidence_issue', 'petition_type', 'beneficiary_industry', 'endeavor_field']
[evidence] Page 281 → sending...
[evidence] Page 281 done (5.5s)
[evidence] Page 281 → Found: ['basis_for_application', 'evidence_of_positioning_present', 'rfe_linked_to_evidence_issue', 'noid_linked_to_evidence_issue', 'petition_type', 'beneficiary_industry', 'endeavor_field']
[evidence] Page 282 → sending...
[evidence] Page 282 done (5.6s)
[evidence] Page 282 → Found: ['rfe_linked_to_evidence_issue', 'noid_linked_to_evidence_issue', 'petition_type']
[evidence] Page 283 → sending...
[evidence] Page 283 done (8.4s)
[evidence] Page 283 → Found: ['rfe_linked_to_evidence_issue', 'noid_linked_to_evidence_issue', 'petition_type']
[evidence] Page 284 → sending...
[evidence] Page 284 done (5.0s)
[evidence] Page 284 → Found: ['rfe_linked_to_evidence_issue', 'noid_linked_to_evidence_issue', 'petition_type']
[evidence] Page 285 → sending...
[evidence] Page 285 done (8.0s)
[evidence] Page 285 → Found: ['basis_for_application', 'evidence_of_positioning_present', 'rfe_linked_to_evidence_issue', 'noid_linked_to_evidence_issue', 'petition_type', 'beneficiary_industry']
[evidence] Page 286 → sending...
[evidence] Page 286 done (8.9s)
[evidence] Page 286 → Found: ['basis_for_application', 'evidence_of_positioning_present', 'rfe_linked_to_evidence_issue', 'noid_linked_to_evidence_issue', 'petition_type', 'beneficiary_industry']
[evidence] Page 287 → sending...
[evidence] Page 287 done (5.3s)
[evidence] Page 287 → Found: ['rfe_linked_to_evidence_issue', 'noid_linked_to_evidence_issue', 'petition_type']
[evidence] Page 288 → sending...
[evidence] Page 288 done (8.0s)
[evidence] Page 288 → Found: ['rfe_linked_to_evidence_issue', 'noid_linked_to_evidence_issue']
[evidence] Page 289 → sending...
[evidence] Page 289 done (5.5s)
[evidence] Page 289 → Found: ['rfe_linked_to_evidence_issue', 'noid_linked_to_evidence_issue', 'petition_type', 'beneficiary_industry']
[evidence] Page 290 → sending...
[evidence] Page 290 done (5.6s)
[evidence] Page 290 → Found: ['basis_for_application', 'evidence_of_positioning_present', 'rfe_linked_to_evidence_issue', 'noid_linked_to_evidence_issue', 'petition_type', 'beneficiary_industry']
[evidence] Page 291 → sending...
[evidence] Page 291 done (7.0s)
[evidence] Page 291 → Found: ['basis_for_application', 'rfe_linked_to_evidence_issue', 'noid_linked_to_evidence_issue', 'petition_type', 'beneficiary_industry']
[evidence] Page 292 → sending...
[evidence] Page 292 done (8.1s)
[evidence] Page 292 → Found: ['basis_for_application', 'evidence_of_positioning_present', 'rfe_linked_to_evidence_issue', 'noid_linked_to_evidence_issue', 'petition_type', 'beneficiary_industry', 'high_salary_claimed']
[evidence] Page 293 → sending...
[evidence] Page 293 done (5.2s)
[evidence] Page 293 → Found: ['rfe_linked_to_evidence_issue', 'noid_linked_to_evidence_issue', 'petition_type']
[evidence] Page 294 → sending...
[evidence] Page 294 done (5.5s)
[evidence] Page 294 → Found: ['rfe_linked_to_evidence_issue', 'noid_linked_to_evidence_issue', 'petition_type']
[evidence] Page 295 → sending...
[evidence] Page 295 done (8.2s)
[evidence] Page 295 → Found: ['rfe_linked_to_evidence_issue', 'noid_linked_to_evidence_issue']
[evidence] Page 296 → sending...
[evidence] Page 296 done (7.6s)
[evidence] Page 296 → Found: ['rfe_linked_to_evidence_issue', 'noid_linked_to_evidence_issue', 'petition_type']
[evidence] Page 297 → sending...
[evidence] Page 297 done (8.4s)
[evidence] Page 297 → Found: ['rfe_linked_to_evidence_issue', 'noid_linked_to_evidence_issue']
[evidence] Page 298 → sending...
[evidence] Page 298 done (6.1s)
[evidence] Page 298 → Found: ['rfe_linked_to_evidence_issue', 'noid_linked_to_evidence_issue', 'petition_type']
[evidence] Page 299 → sending...
[evidence] Page 299 done (8.0s)
[evidence] Page 299 → Found: ['rfe_linked_to_evidence_issue', 'noid_linked_to_evidence_issue', 'petition_type']
[evidence] Page 300 → sending...
[evidence] Page 300 done (5.8s)
[evidence] Page 300 → Found: ['rfe_linked_to_evidence_issue', 'noid_linked_to_evidence_issue', 'petition_type']
[evidence] Page 301 → sending...
[evidence] Page 301 done (5.4s)
[evidence] Page 301 → Found: ['rfe_linked_to_evidence_issue', 'noid_linked_to_evidence_issue', 'petition_type']
[evidence] Page 302 → sending...
[evidence] Page 302 done (5.4s)
[evidence] Page 302 → Found: ['basis_for_application', 'rfe_linked_to_evidence_issue', 'noid_linked_to_evidence_issue', 'petition_type', 'beneficiary_industry', 'high_salary_claimed']
[evidence] Page 303 → sending...
[evidence] Page 303 done (5.4s)
[evidence] Page 303 → Found: ['rfe_linked_to_evidence_issue', 'noid_linked_to_evidence_issue', 'petition_type']
[evidence] Page 304 → sending...
[evidence] Page 304 done (5.3s)
[evidence] Page 304 → Found: ['rfe_linked_to_evidence_issue', 'noid_linked_to_evidence_issue', 'petition_type', 'beneficiary_industry']
[evidence] Page 305 → sending...
[evidence] Page 305 done (5.2s)
[evidence] Page 305 → Found: ['rfe_linked_to_evidence_issue', 'noid_linked_to_evidence_issue', 'petition_type']
[evidence] Page 306 → sending...
[evidence] Page 306 done (5.2s)
[evidence] Page 306 → Found: ['rfe_linked_to_evidence_issue', 'noid_linked_to_evidence_issue', 'petition_type']
[evidence] Page 307 → sending...
[evidence] Page 307 done (7.4s)
[evidence] Page 307 → Found: ['rfe_linked_to_evidence_issue', 'noid_linked_to_evidence_issue', 'petition_type']
[evidence] Page 308 → sending...
[evidence] Page 308 done (5.3s)
[evidence] Page 308 → Found: ['rfe_linked_to_evidence_issue', 'noid_linked_to_evidence_issue', 'petition_type']
[evidence] Page 309 → sending...
[evidence] Page 309 done (7.2s)
[evidence] Page 309 → Found: ['rfe_linked_to_evidence_issue', 'noid_linked_to_evidence_issue']
[evidence] Page 310 → sending...
[evidence] Page 310 done (6.8s)
[evidence] Page 310 → Found: ['rfe_linked_to_evidence_issue', 'noid_linked_to_evidence_issue', 'petition_type']
[evidence] Page 311 → sending...
[evidence] Page 311 done (7.2s)
[evidence] Page 311 → Found: ['rfe_linked_to_evidence_issue', 'noid_linked_to_evidence_issue', 'petition_type']
[evidence] Page 312 → sending...
[evidence] Page 312 done (7.1s)
[evidence] Page 312 → Found: ['rfe_linked_to_evidence_issue', 'noid_linked_to_evidence_issue']
[evidence] Page 313 → sending...
[evidence] Page 313 done (5.4s)
[evidence] Page 313 → Found: ['rfe_linked_to_evidence_issue', 'noid_linked_to_evidence_issue', 'petition_type']
[evidence] Page 314 → sending...
[evidence] Page 314 done (8.6s)
[evidence] Page 314 → Found: ['rfe_linked_to_evidence_issue', 'noid_linked_to_evidence_issue', 'petition_type']
[evidence] Page 315 → sending...
[evidence] Page 315 done (5.7s)
[evidence] Page 315 → Found: ['rfe_linked_to_evidence_issue', 'noid_linked_to evidence_issue', 'petition_type']
[evidence] Page 316 → sending...
[evidence] Page 316 done (7.0s)
[evidence] Page 316 → Found: ['rfe_linked_to_evidence_issue', 'noid_linked_to_evidence_issue', 'petition_type', 'beneficiary_industry']
[evidence] Page 317 → sending...
[evidence] Page 317 done (5.2s)
[evidence] Page 317 → Found: ['rfe_linked_to_evidence_issue', 'noid_linked_to_evidence_issue', 'petition_type']
[evidence] Page 318 → sending...
[evidence] Page 318 done (5.4s)
[evidence] Page 318 → Found: ['rfe_linked_to_evidence_issue', 'noid_linked_to_evidence_issue', 'petition_type', 'beneficiary_industry']
[evidence] Page 319 → sending...
[evidence] Page 319 done (5.1s)
[evidence] Page 319 → Found: ['rfe_linked_to_evidence_issue', 'noid_linked_to_evidence_issue', 'petition_type']
[evidence] Page 320 → sending...
[evidence] Page 320 done (5.6s)
[evidence] Page 320 → Found: ['rfe_linked_to_evidence_issue', 'noid_linked_to_evidence_issue', 'petition_type', 'beneficiary_industry']
[evidence] Page 321 → sending...
[evidence] Page 321 done (5.2s)
[evidence] Page 321 → Found: ['rfe_linked_to_evidence_issue', 'noid_linked_to_evidence_issue', 'petition_type', 'beneficiary_industry']
[evidence] Page 322 → sending...
[evidence] Page 322 done (5.4s)
[evidence] Page 322 → Found: ['rfe_linked_to_evidence_issue', 'noid_linked_to_evidence_issue', 'petition_type', 'beneficiary_industry']
[evidence] Page 323 → sending...
[evidence] Page 323 done (5.6s)
[evidence] Page 323 → Found: ['rfe_linked_to_evidence_issue', 'noid_linked_to_evidence_issue', 'petition_type', 'beneficiary_industry']
[evidence] Page 324 → sending...
[evidence] Page 324 done (5.5s)
[evidence] Page 324 → Found: ['rfe_linked_to_evidence_issue', 'noid_linked_to_evidence_issue', 'petition_type', 'beneficiary_industry']
[evidence] Page 325 → sending...
[evidence] Page 325 done (5.7s)
[evidence] Page 325 → Found: ['rfe_linked_to_evidence_issue', 'noid_linked_to_evidence_issue', 'petition_type', 'beneficiary_industry']
[evidence] Page 326 → sending...
[evidence] Page 326 done (5.6s)
[evidence] Page 326 → Found: ['rfe_linked_to_evidence_issue', 'noid_linked_to_evidence_issue', 'petition_type', 'beneficiary_industry']

EVIDENCE RESULT:
{
  "rfe_linked_to_evidence_issue": false,
  "noid_linked_to_evidence_issue": false,
  "petition_type": "O-1A",
  "basis_for_application": [
    "Critical Role"
  ],
  "evidence_of_positioning_present": false,
  "beneficiary_industry": "Tech",
  "criteria_claimed_count": 4,
  "major_award_claimed": "Y",
  "high_salary_claimed": "Y",
  "endeavor_field": "Tech",
  "included_publications": true,
  "publication_type": "peer_reviewed_top_tier",
  "publications_included_petition": true,
  "national_importance_framing": "Economic",
  "cell_cited": false,
  "noid_linked_to evidence_issue": false
}

=== FINAL MERGED RESULT ===
{
  "premium_processing": "Unknown",
  "employer_sponsored": true,
  "self_petition": false,
  "petition_type": "O-1A Extraordinary Ability",
  "beneficiary_country_of_birth": "United Kingdom",
  "beneficiary_country_of_citizenship": "United Kingdom",
  "beneficiary_industry": "Tech",
  "noid_issued": false,
  "noid_basis": "No - copy of request attached",
  "decision_date": "2023-04-25",
  "final_outcome": "Approved",
  "rfe_issued": false,
  "basis_for_approval": "The petition and accompanying request for a change of status have been approved.",
  "discretion_applied": false,
  "filing_date": "2022-10-21",
  "service_center_or_field_office": "Vermont Service Center",
  "rfe_linked_to_evidence_issue": false,
  "noid_linked_to_evidence_issue": false,
  "basis_for_application": [
    "Critical Role"
  ],
  "evidence_of_positioning_present": false,
  "criteria_claimed_count": 4,
  "major_award_claimed": "Y",
  "high_salary_claimed": "Y",
  "endeavor_field": "Tech",
  "included_publications": true,
  "publication_type": "peer_reviewed_top_tier",
  "publications_included_petition": true,
  "national_importance_framing": "Economic",
  "cell_cited": false,
  "noid_linked_to evidence_issue": false
}

APPLICATION: application-002
------------------------------------------------------------

=== PROCESSING PETITION ===
[petition] Page 1 → sending...
[petition] Page 1 done (8.8s)
[petition] Page 1 → Found: ['petition_type', 'service_center_or_field_office', 'premium_processing', 'employer_sponsored', 'self_petition', 'beneficiary_industry', 'eb2_basis', 'endeavor_field']
[petition] Page 2 → sending...
[petition] Page 2 done (8.2s)
[petition] Page 2 → Found: ['petition_type', 'premium_processing', 'employer_sponsored', 'self_petition', 'beneficiary_industry', 'eb2_basis']
[petition] Page 3 → sending...
[petition] Page 3 done (5.6s)
[petition] Page 3 → Found: ['premium_processing', 'endeavor_field', 'national_importance_framing', 'dhanasar_prong_focus']
[petition] Page 4 → sending...
[petition] Page 4 done (12.5s)
[petition] Page 4 → Found: ['premium_processing', 'beneficiary_industry', 'endeavor_field', 'national_importance_framing']
[petition] Page 5 → sending...
[petition] Page 5 done (8.4s)
[petition] Page 5 → Found: ['premium_processing', 'beneficiary_industry', 'endeavor_field', 'national_importance_framing', 'evidence_of_positioning_present', 'dhanasar_prong_focus']
[petition] Page 6 → sending...
[petition] Page 6 done (8.5s)
[petition] Page 6 → Found: ['premium_processing', 'employer_sponsored', 'self_petition', 'beneficiary_industry', 'evidence_of_positioning_present', 'dhanasar_prong_focus', 'included_publications', 'publication_type']
[petition] Page 7 → sending...
[petition] Page 7 done (8.0s)
[petition] Page 7 → Found: ['premium_processing', 'included_publications']
[petition] Page 8 → sending...
[petition] Page 8 done (7.8s)
[petition] Page 8 → Found: ['premium_processing', 'beneficiary_industry', 'publications_included', 'included_publications']
[petition] Page 9 → sending...
[petition] Page 9 done (7.7s)
[petition] Page 9 → Found: ['premium_processing', 'employer_sponsored', 'self_petition', 'judging_others_work_claimed']
[petition] Page 10 → sending...
[petition] Page 10 done (8.0s)
[petition] Page 10 → Found: ['premium_processing', 'beneficiary_industry', 'included_publications', 'publication_type']
[petition] Page 11 → sending...
[petition] Page 11 done (7.8s)
[petition] Page 11 → Found: ['premium_processing', 'employer_sponsored', 'self_petition', 'beneficiary_industry', 'endeavor_field', 'evidence_of_positioning_present']
[petition] Page 12 → sending...
[petition] Page 12 done (8.1s)
[petition] Page 12 → Found: ['premium_processing', 'employer_sponsored', 'self_petition', 'beneficiary_industry']
[petition] Page 13 → sending...
[petition] Page 13 done (8.0s)
[petition] Page 13 → Found: ['premium_processing', 'employer_sponsored', 'self_petition', 'beneficiary_industry', 'dhanasar_prong_focus']
[petition] Page 14 → sending...
[petition] Page 14 done (6.3s)
[petition] Page 14 → Found: ['petition_type', 'premium_processing', 'employer_sponsored', 'self_petition', 'beneficiary_industry', 'eb2_basis', 'endeavor_field', 'national_importance_framing', 'evidence_of_positioning_present', 'dhanasar_prong_focus']
[petition] Page 15 → sending...
[petition] Page 15 done (7.8s)
[petition] Page 15 → Found: ['premium_processing']
[petition] Page 16 → sending...
[petition] Page 16 done (9.2s)
[petition] Page 16 → Found: ['petition_type', 'premium_processing', 'employer_sponsored', 'self_petition', 'eb2_basis']
[petition] Page 17 → sending...
[petition] Page 17 done (9.3s)
[petition] Page 17 → Found: ['beneficiary_country_of_birth', 'beneficiary_country_of_citizenship']
[petition] Page 18 → sending...
[petition] Page 18 done (9.1s)
[petition] Page 18 → Found: ['premium_processing', 'employer_sponsored', 'self_petition', 'beneficiary_country_of_citizenship']
[petition] Page 19 → sending...
[petition] Page 19 done (14.3s)
[petition] Page 19 → Found: ['premium_processing', 'employer_sponsored', 'self_petition', 'beneficiary_country_of_birth']
[petition] Page 20 → sending...
[petition] Page 20 done (8.7s)
[petition] Page 20 → No useful fields
[petition] Page 21 → sending...
[petition] Page 21 done (8.1s)
[petition] Page 21 → Found: ['premium_processing']
[petition] Page 22 → sending...
[petition] Page 22 done (8.7s)
[petition] Page 22 → No useful fields
[petition] Page 23 → sending...
[petition] Page 23 done (7.8s)
[petition] Page 23 → Found: ['premium_processing']
[petition] Page 24 → sending...
[petition] Page 24 done (13.0s)
[petition] Page 24 → Found: ['premium_processing', 'employer_sponsored', 'self_petition']
[petition] Page 25 → sending...
[petition] Page 25 done (8.6s)
[petition] Page 25 → No useful fields
[petition] Page 26 → sending...
[petition] Page 26 done (8.8s)
[petition] Page 26 → No useful fields
[petition] Page 27 → sending...
[petition] Page 27 done (7.9s)
[petition] Page 27 → Found: ['premium_processing']
[petition] Page 28 → sending...
[petition] Page 28 done (11.4s)
[petition] Page 28 → Found: ['premium_processing', 'employer_sponsored', 'self_petition', 'rfe_issued', 'noid_issued']
[petition] Page 29 → sending...
[petition] Page 29 done (11.1s)
[petition] Page 29 → Found: ['premium_processing', 'employer_sponsored', 'self_petition']
[petition] Page 30 → sending...
[petition] Page 30 done (8.5s)
[petition] Page 30 → Found: ['petition_type', 'premium_processing', 'employer_sponsored', 'self_petition', 'eb2_basis']
[petition] Page 31 → sending...
[petition] Page 31 done (8.1s)
[petition] Page 31 → Found: ['premium_processing']
[petition] Page 32 → sending...
[petition] Page 32 done (8.2s)
[petition] Page 32 → Found: ['premium_processing']
[petition] Page 33 → sending...
[petition] Page 33 done (8.3s)
[petition] Page 33 → Found: ['premium_processing']
[petition] Page 34 → sending...
[petition] Page 34 done (8.5s)
[petition] Page 34 → Found: ['premium_processing']
[petition] Page 35 → sending...
[petition] Page 35 done (8.5s)
[petition] Page 35 → Found: ['premium_processing']
[petition] Page 36 → sending...
[petition] Page 36 done (10.9s)
[petition] Page 36 → Found: ['beneficiary_country_of_birth', 'beneficiary_country_of_citizenship']
[petition] Page 37 → sending...
[petition] Page 37 done (10.3s)
[petition] Page 37 → Found: ['premium_processing', 'employer_sponsored', 'self_petition']
[petition] Page 38 → sending...
[petition] Page 38 done (8.1s)
[petition] Page 38 → Found: ['premium_processing']
[petition] Page 39 → sending...
[petition] Page 39 done (7.8s)
[petition] Page 39 → Found: ['premium_processing', 'employer_sponsored', 'self_petition']
[petition] Page 40 → sending...
[petition] Page 40 done (8.4s)
[petition] Page 40 → Found: ['premium_processing', 'employer_sponsored', 'self_petition', 'beneficiary_industry']
[petition] Page 41 → sending...
[petition] Page 41 done (8.1s)
[petition] Page 41 → Found: ['premium_processing', 'employer_sponsored', 'self_petition']
[petition] Page 42 → sending...
[petition] Page 42 done (8.2s)
[petition] Page 42 → Found: ['premium_processing', 'employer_sponsored', 'self_petition']
[petition] Page 43 → sending...
[petition] Page 43 done (7.6s)
[petition] Page 43 → Found: ['premium_processing']
[petition] Page 44 → sending...
[petition] Page 44 done (7.5s)
[petition] Page 44 → Found: ['beneficiary_country_of_citizenship']
[petition] Page 45 → sending...
[petition] Page 45 done (7.4s)
[petition] Page 45 → Found: ['premium_processing']
[petition] Page 46 → sending...
[petition] Page 46 done (7.7s)
[petition] Page 46 → Found: ['premium_processing']
[petition] Page 47 → sending...
[petition] Page 47 done (7.9s)
[petition] Page 47 → Found: ['premium_processing']
[petition] Page 48 → sending...
[petition] Page 48 done (8.1s)
[petition] Page 48 → Found: ['premium_processing']
[petition] Page 49 → sending...
[petition] Page 49 done (9.5s)
[petition] Page 49 → Found: ['premium_processing', 'employer_sponsored', 'self_petition']
[petition] Page 50 → sending...
[petition] Page 50 done (9.0s)
[petition] Page 50 → Found: ['premium_processing']
[petition] Page 51 → sending...
[petition] Page 51 done (7.7s)
[petition] Page 51 → Found: ['premium_processing']
[petition] Page 52 → sending...
[petition] Page 52 done (7.8s)
[petition] Page 52 → Found: ['premium_processing']
[petition] Page 53 → sending...
[petition] Page 53 done (7.9s)
[petition] Page 53 → Found: ['premium_processing']
[petition] Page 54 → sending...
[petition] Page 54 done (7.8s)
[petition] Page 54 → Found: ['premium_processing']
[petition] Page 55 → sending...
[petition] Page 55 done (7.9s)
[petition] Page 55 → Found: ['premium_processing']
[petition] Page 56 → sending...
[petition] Page 56 done (9.4s)
[petition] Page 56 → Found: ['premium_processing']
[petition] Page 57 → sending...
[petition] Page 57 done (10.1s)
[petition] Page 57 → Found: ['premium_processing']
[petition] Page 58 → sending...
[petition] Page 58 done (8.1s)
[petition] Page 58 → Found: ['premium_processing']
[petition] Page 59 → sending...
[petition] Page 59 done (9.4s)
[petition] Page 59 → Found: ['premium_processing', 'beneficiary_industry']
[petition] Page 60 → sending...
[petition] Page 60 done (8.0s)
[petition] Page 60 → Found: ['premium_processing']
[petition] Page 61 → sending...
[petition] Page 61 done (10.0s)
[petition] Page 61 → Found: ['premium_processing']
[petition] Page 62 → sending...
[petition] Page 62 done (8.0s)
[petition] Page 62 → Found: ['premium_processing']
[petition] Page 63 → sending...
[petition] Page 63 done (7.8s)
[petition] Page 63 → Found: ['premium_processing']
[petition] Page 64 → sending...
[petition] Page 64 done (10.2s)
[petition] Page 64 → Found: ['premium_processing']
[petition] Page 65 → sending...
[petition] Page 65 done (8.1s)
[petition] Page 65 → Found: ['premium_processing']
[petition] Page 66 → sending...
[petition] Page 66 done (7.9s)
[petition] Page 66 → Found: ['premium_processing']
[petition] Page 67 → sending...
[petition] Page 67 done (9.9s)
[petition] Page 67 → Found: ['premium_processing']
[petition] Page 68 → sending...
[petition] Page 68 done (8.0s)
[petition] Page 68 → Found: ['premium_processing']
[petition] Page 69 → sending...
[petition] Page 69 done (8.0s)
[petition] Page 69 → Found: ['premium_processing']
[petition] Page 70 → sending...
[petition] Page 70 done (8.0s)
[petition] Page 70 → Found: ['premium_processing']
[petition] Page 71 → sending...
[petition] Page 71 done (7.6s)
[petition] Page 71 → Found: ['premium_processing']
[petition] Page 72 → sending...
[petition] Page 72 done (7.8s)
[petition] Page 72 → Found: ['premium_processing']
[petition] Page 73 → sending...
[petition] Page 73 done (8.1s)
[petition] Page 73 → Found: ['premium_processing']
[petition] Page 74 → sending...
[petition] Page 74 done (8.3s)
[petition] Page 74 → Found: ['premium_processing']
[petition] Page 75 → sending...
[petition] Page 75 done (8.2s)
[petition] Page 75 → Found: ['premium_processing']
[petition] Page 76 → sending...
[petition] Page 76 done (8.1s)
[petition] Page 76 → Found: ['premium_processing']
[petition] Page 77 → sending...
[petition] Page 77 done (8.1s)
[petition] Page 77 → Found: ['premium_processing']
[petition] Page 78 → sending...
[petition] Page 78 done (8.1s)
[petition] Page 78 → Found: ['premium_processing']
[petition] Page 79 → sending...
[petition] Page 79 done (8.0s)
[petition] Page 79 → No useful fields
[petition] Page 80 → sending...
[petition] Page 80 done (7.6s)
[petition] Page 80 → No useful fields
[petition] Page 81 → sending...
[petition] Page 81 done (7.8s)
[petition] Page 81 → Found: ['premium_processing']
[petition] Page 82 → sending...
[petition] Page 82 done (7.9s)
[petition] Page 82 → Found: ['premium_processing']
[petition] Page 83 → sending...
[petition] Page 83 done (8.5s)
[petition] Page 83 → No useful fields
[petition] Page 84 → sending...
[petition] Page 84 done (7.9s)
[petition] Page 84 → No useful fields
[petition] Page 85 → sending...
[petition] Page 85 done (8.0s)
[petition] Page 85 → Found: ['premium_processing']
[petition] Page 86 → sending...
[petition] Page 86 done (8.0s)
[petition] Page 86 → No useful fields
[petition] Page 87 → sending...
[petition] Page 87 done (8.1s)
[petition] Page 87 → Found: ['premium_processing']
[petition] Page 88 → sending...
[petition] Page 88 done (10.0s)
[petition] Page 88 → Found: ['premium_processing']
[petition] Page 89 → sending...
[petition] Page 89 done (8.0s)
[petition] Page 89 → No useful fields
[petition] Page 90 → sending...
[petition] Page 90 done (8.0s)
[petition] Page 90 → Found: ['premium_processing', 'beneficiary_industry']
[petition] Page 91 → sending...
[petition] Page 91 done (8.0s)
[petition] Page 91 → Found: ['premium_processing']
[petition] Page 92 → sending...
[petition] Page 92 done (9.9s)
[petition] Page 92 → Found: ['premium_processing']
[petition] Page 93 → sending...
[petition] Page 93 done (8.0s)
[petition] Page 93 → Found: ['premium_processing']
[petition] Page 94 → sending...
[petition] Page 94 done (8.2s)
[petition] Page 94 → Found: ['premium_processing']
[petition] Page 95 → sending...
[petition] Page 95 done (7.9s)
[petition] Page 95 → No useful fields
[petition] Page 96 → sending...
[petition] Page 96 done (9.9s)
[petition] Page 96 → Found: ['premium_processing']
[petition] Page 97 → sending...
[petition] Page 97 done (7.5s)
[petition] Page 97 → Found: ['premium_processing']
[petition] Page 98 → sending...
[petition] Page 98 done (8.8s)
[petition] Page 98 → Found: ['premium_processing']
[petition] Page 99 → sending...
[petition] Page 99 done (7.5s)
[petition] Page 99 → Found: ['premium_processing']
[petition] Page 100 → sending...
[petition] Page 100 done (7.8s)
[petition] Page 100 → Found: ['premium_processing']
[petition] Page 101 → sending...
[petition] Page 101 done (7.5s)
[petition] Page 101 → Found: ['premium_processing']
[petition] Page 102 → sending...
[petition] Page 102 done (7.9s)
[petition] Page 102 → Found: ['premium_processing']
[petition] Page 103 → sending...
[petition] Page 103 done (8.0s)
[petition] Page 103 → Found: ['premium_processing']
[petition] Page 104 → sending...
[petition] Page 104 done (7.8s)
[petition] Page 104 → Found: ['premium_processing']
[petition] Page 105 → sending...
[petition] Page 105 done (8.3s)
[petition] Page 105 → Found: ['premium_processing']
[petition] Page 106 → sending...
[petition] Page 106 done (8.2s)
[petition] Page 106 → Found: ['premium_processing']
[petition] Page 107 → sending...
[petition] Page 107 done (8.0s)
[petition] Page 107 → Found: ['premium_processing']
[petition] Page 108 → sending...
[petition] Page 108 done (8.5s)
[petition] Page 108 → Found: ['premium_processing']
[petition] Page 109 → sending...
[petition] Page 109 done (10.9s)
[petition] Page 109 → Found: ['premium_processing', 'employer_sponsored', 'self_petition', 'rfe_issued', 'noid_issued', 'included_publications', 'cell_cited']
[petition] Page 110 → sending...
[petition] Page 110 done (10.2s)
[petition] Page 110 → Found: ['premium_processing']
[petition] Page 111 → sending...
[petition] Page 111 done (8.4s)
[petition] Page 111 → Found: ['premium_processing']
[petition] Page 112 → sending...
[petition] Page 112 done (9.7s)
[petition] Page 112 → Found: ['premium_processing']
[petition] Page 113 → sending...
[petition] Page 113 done (9.9s)
[petition] Page 113 → Found: ['premium_processing', 'rfe_issued', 'noid_issued', 'included_publications', 'cell_cited']
[petition] Page 114 → sending...
[petition] Page 114 done (11.6s)
[petition] Page 114 → Found: ['premium_processing']
[petition] Page 115 → sending...
[petition] Page 115 done (8.2s)
[petition] Page 115 → Found: ['premium_processing']
[petition] Page 116 → sending...
[petition] Page 116 done (8.0s)
[petition] Page 116 → Found: ['premium_processing']
[petition] Page 117 → sending...
[petition] Page 117 done (8.1s)
[petition] Page 117 → Found: ['premium_processing']
[petition] Page 118 → sending...
[petition] Page 118 done (8.1s)
[petition] Page 118 → Found: ['premium_processing']
[petition] Page 119 → sending...
[petition] Page 119 done (10.0s)
[petition] Page 119 → Found: ['premium_processing']
[petition] Page 120 → sending...
[petition] Page 120 done (10.2s)
[petition] Page 120 → Found: ['premium_processing']
[petition] Page 121 → sending...
[petition] Page 121 done (10.0s)
[petition] Page 121 → Found: ['premium_processing']
[petition] Page 122 → sending...
[petition] Page 122 done (10.4s)
[petition] Page 122 → Found: ['premium_processing']
[petition] Page 123 → sending...
[petition] Page 123 done (10.4s)
[petition] Page 123 → Found: ['premium_processing']
[petition] Page 124 → sending...
[petition] Page 124 done (10.0s)
[petition] Page 124 → Found: ['premium_processing']
[petition] Page 125 → sending...
[petition] Page 125 done (10.3s)
[petition] Page 125 → Found: ['premium_processing']
[petition] Page 126 → sending...
[petition] Page 126 done (10.3s)
[petition] Page 126 → Found: ['premium_processing']
[petition] Page 127 → sending...
[petition] Page 127 done (10.4s)
[petition] Page 127 → Found: ['premium_processing']
[petition] Page 128 → sending...
[petition] Page 128 done (9.8s)
[petition] Page 128 → Found: ['premium_processing']
[petition] Page 129 → sending...
[petition] Page 129 done (10.0s)
[petition] Page 129 → Found: ['premium_processing']
[petition] Page 130 → sending...
[petition] Page 130 done (10.0s)
[petition] Page 130 → Found: ['premium_processing']
[petition] Page 131 → sending...
[petition] Page 131 done (10.0s)
[petition] Page 131 → Found: ['premium_processing']
[petition] Page 132 → sending...
[petition] Page 132 done (9.9s)
[petition] Page 132 → Found: ['premium_processing']
[petition] Page 133 → sending...
[petition] Page 133 done (10.2s)
[petition] Page 133 → Found: ['premium_processing']
[petition] Page 134 → sending...
[petition] Page 134 done (9.5s)
[petition] Page 134 → Found: ['premium_processing']
[petition] Page 135 → sending...
[petition] Page 135 done (9.9s)
[petition] Page 135 → Found: ['premium_processing']
[petition] Page 136 → sending...
[petition] Page 136 done (7.8s)
[petition] Page 136 → Found: ['premium_processing']
[petition] Page 137 → sending...
[petition] Page 137 done (10.9s)
[petition] Page 137 → Found: ['premium_processing']
[petition] Page 138 → sending...
[petition] Page 138 done (8.3s)
[petition] Page 138 → Found: ['premium_processing']
[petition] Page 139 → sending...
[petition] Page 139 done (10.5s)
[petition] Page 139 → Found: ['premium_processing']
[petition] Page 140 → sending...
[petition] Page 140 done (8.5s)
[petition] Page 140 → Found: ['premium_processing', 'included_publications']
[petition] Page 141 → sending...
[petition] Page 141 done (8.6s)
[petition] Page 141 → Found: ['premium_processing', 'included_publications']
[petition] Page 142 → sending...
[petition] Page 142 done (7.7s)
[petition] Page 142 → Found: ['premium_processing']
[petition] Page 143 → sending...
[petition] Page 143 done (7.9s)
[petition] Page 143 → Found: ['premium_processing']
[petition] Page 144 → sending...
[petition] Page 144 done (7.8s)
[petition] Page 144 → Found: ['premium_processing']
[petition] Page 145 → sending...
[petition] Page 145 done (7.9s)
[petition] Page 145 → Found: ['premium_processing']
[petition] Page 146 → sending...
[petition] Page 146 done (7.6s)
[petition] Page 146 → Found: ['premium_processing']
[petition] Page 147 → sending...
[petition] Page 147 done (7.8s)
[petition] Page 147 → Found: ['premium_processing']
[petition] Page 148 → sending...
[petition] Page 148 done (7.4s)
[petition] Page 148 → Found: ['premium_processing']
[petition] Page 149 → sending...
[petition] Page 149 done (7.6s)
[petition] Page 149 → Found: ['premium_processing']
[petition] Page 150 → sending...
[petition] Page 150 done (7.3s)
[petition] Page 150 → Found: ['premium_processing']
[petition] Page 151 → sending...
[petition] Page 151 done (7.3s)
[petition] Page 151 → Found: ['premium_processing']
[petition] Page 152 → sending...
[petition] Page 152 done (7.4s)
[petition] Page 152 → Found: ['premium_processing']
[petition] Page 153 → sending...
[petition] Page 153 done (7.2s)
[petition] Page 153 → Found: ['premium_processing']
[petition] Page 154 → sending...
[petition] Page 154 done (7.7s)
[petition] Page 154 → Found: ['premium_processing']
[petition] Page 155 → sending...
[petition] Page 155 done (9.3s)
[petition] Page 155 → No useful fields
[petition] Page 156 → sending...
[petition] Page 156 done (7.4s)
[petition] Page 156 → Found: ['premium_processing']
[petition] Page 157 → sending...
[petition] Page 157 done (7.6s)
[petition] Page 157 → Found: ['premium_processing']
[petition] Page 158 → sending...
[petition] Page 158 done (7.7s)
[petition] Page 158 → Found: ['premium_processing']
[petition] Page 159 → sending...
[petition] Page 159 done (9.7s)
[petition] Page 159 → Found: ['premium_processing']
[petition] Page 160 → sending...
[petition] Page 160 done (7.6s)
[petition] Page 160 → Found: ['premium_processing']
[petition] Page 161 → sending...
[petition] Page 161 done (7.4s)
[petition] Page 161 → Found: ['premium_processing']
[petition] Page 162 → sending...
[petition] Page 162 done (7.4s)
[petition] Page 162 → Found: ['premium_processing']
[petition] Page 163 → sending...
[petition] Page 163 done (7.4s)
[petition] Page 163 → Found: ['premium_processing']
[petition] Page 164 → sending...
[petition] Page 164 done (9.1s)
[petition] Page 164 → Found: ['premium_processing']
[petition] Page 165 → sending...
[petition] Page 165 done (7.4s)
[petition] Page 165 → Found: ['premium_processing']
[petition] Page 166 → sending...
[petition] Page 166 done (7.4s)
[petition] Page 166 → Found: ['premium_processing']
[petition] Page 167 → sending...
[petition] Page 167 done (7.5s)
[petition] Page 167 → Found: ['premium_processing']
[petition] Page 168 → sending...
[petition] Page 168 done (9.2s)
[petition] Page 168 → Found: ['premium_processing']
[petition] Page 169 → sending...
[petition] Page 169 done (7.4s)
[petition] Page 169 → Found: ['premium_processing']
[petition] Page 170 → sending...
[petition] Page 170 done (9.7s)
[petition] Page 170 → Found: ['premium_processing']
[petition] Page 171 → sending...
[petition] Page 171 done (7.7s)
[petition] Page 171 → Found: ['premium_processing']
[petition] Page 172 → sending...
[petition] Page 172 done (7.5s)
[petition] Page 172 → Found: ['premium_processing']
[petition] Page 173 → sending...
[petition] Page 173 done (9.7s)
[petition] Page 173 → Found: ['premium_processing']
[petition] Page 174 → sending...
[petition] Page 174 done (10.0s)
[petition] Page 174 → Found: ['premium_processing']
[petition] Page 175 → sending...
[petition] Page 175 done (7.5s)
[petition] Page 175 → Found: ['premium_processing']
[petition] Page 176 → sending...
[petition] Page 176 done (7.3s)
[petition] Page 176 → Found: ['premium_processing']
[petition] Page 177 → sending...
[petition] Page 177 done (7.4s)
[petition] Page 177 → Found: ['premium_processing']
[petition] Page 178 → sending...
[petition] Page 178 done (7.6s)
[petition] Page 178 → Found: ['premium_processing']
[petition] Page 179 → sending...
[petition] Page 179 done (8.3s)
[petition] Page 179 → Found: ['premium_processing']
[petition] Page 180 → sending...
[petition] Page 180 done (9.9s)
[petition] Page 180 → Found: ['premium_processing', 'rfe_issued', 'noid_issued']
[petition] Page 181 → sending...
[petition] Page 181 done (8.0s)
[petition] Page 181 → Found: ['premium_processing']
[petition] Page 182 → sending...
[petition] Page 182 done (9.5s)
[petition] Page 182 → Found: ['premium_processing']
[petition] Page 183 → sending...
[petition] Page 183 done (7.8s)
[petition] Page 183 → Found: ['premium_processing']
[petition] Page 184 → sending...
[petition] Page 184 done (7.9s)
[petition] Page 184 → Found: ['premium_processing']
[petition] Page 185 → sending...
[petition] Page 185 done (8.0s)
[petition] Page 185 → No useful fields
[petition] Page 186 → sending...
[petition] Page 186 done (7.8s)
[petition] Page 186 → Found: ['premium_processing']
[petition] Page 187 → sending...
[petition] Page 187 done (7.8s)
[petition] Page 187 → Found: ['premium_processing']
[petition] Page 188 → sending...
[petition] Page 188 done (10.3s)
[petition] Page 188 → Found: ['premium_processing']
[petition] Page 189 → sending...
[petition] Page 189 done (8.0s)
[petition] Page 189 → Found: ['premium_processing']
[petition] Page 190 → sending...
[petition] Page 190 done (7.8s)
[petition] Page 190 → Found: ['premium_processing']
[petition] Page 191 → sending...
[petition] Page 191 done (10.1s)
[petition] Page 191 → Found: ['premium_processing']
[petition] Page 192 → sending...
[petition] Page 192 done (7.7s)
[petition] Page 192 → Found: ['premium_processing']
[petition] Page 193 → sending...
[petition] Page 193 done (8.3s)
[petition] Page 193 → Found: ['premium_processing']
[petition] Page 194 → sending...
[petition] Page 194 done (15.9s)
[petition] Page 194 → Found: ['premium_processing']
[petition] Page 195 → sending...
[petition] Page 195 done (8.1s)
[petition] Page 195 → Found: ['premium_processing']
[petition] Page 196 → sending...
[petition] Page 196 done (7.5s)
[petition] Page 196 → Found: ['premium_processing']
[petition] Page 197 → sending...
[petition] Page 197 done (7.7s)
[petition] Page 197 → Found: ['premium_processing']
[petition] Page 198 → sending...
[petition] Page 198 done (7.6s)
[petition] Page 198 → Found: ['premium_processing']
[petition] Page 199 → sending...
[petition] Page 199 done (7.3s)
[petition] Page 199 → Found: ['premium_processing']
[petition] Page 200 → sending...
[petition] Page 200 done (7.5s)
[petition] Page 200 → Found: ['premium_processing']
[petition] Page 201 → sending...
[petition] Page 201 done (7.8s)
[petition] Page 201 → No useful fields
[petition] Page 202 → sending...
[petition] Page 202 done (7.5s)
[petition] Page 202 → Found: ['premium_processing']
[petition] Page 203 → sending...
[petition] Page 203 done (7.9s)
[petition] Page 203 → Found: ['premium_processing']
[petition] Page 204 → sending...
[petition] Page 204 done (7.5s)
[petition] Page 204 → Found: ['premium_processing']
[petition] Page 205 → sending...
[petition] Page 205 done (7.8s)
[petition] Page 205 → Found: ['premium_processing']
[petition] Page 206 → sending...
[petition] Page 206 done (7.8s)
[petition] Page 206 → Found: ['premium_processing']
[petition] Page 207 → sending...
[petition] Page 207 done (9.2s)
[petition] Page 207 → Found: ['premium_processing']
[petition] Page 208 → sending...
[petition] Page 208 done (9.9s)
[petition] Page 208 → Found: ['premium_processing']
[petition] Page 209 → sending...
[petition] Page 209 done (11.6s)
[petition] Page 209 → Found: ['premium_processing', 'rfe_issued', 'noid_issued']
[petition] Page 210 → sending...
[petition] Page 210 done (7.8s)
[petition] Page 210 → Found: ['premium_processing']
[petition] Page 211 → sending...
[petition] Page 211 done (7.8s)
[petition] Page 211 → Found: ['premium_processing']
[petition] Page 212 → sending...
[petition] Page 212 done (8.5s)
[petition] Page 212 → Found: ['premium_processing']
[petition] Page 213 → sending...
[petition] Page 213 done (8.1s)
[petition] Page 213 → Found: ['premium_processing']
[petition] Page 214 → sending...
[petition] Page 214 done (9.3s)
[petition] Page 214 → Found: ['premium_processing']
[petition] Page 215 → sending...
[petition] Page 215 done (8.2s)
[petition] Page 215 → Found: ['premium_processing']
[petition] Page 216 → sending...
[petition] Page 216 done (10.1s)
[petition] Page 216 → Found: ['premium_processing']
[petition] Page 217 → sending...
[petition] Page 217 done (11.0s)
[petition] Page 217 → Found: ['premium_processing', 'beneficiary_industry']
[petition] Page 218 → sending...
[petition] Page 218 done (12.9s)
[petition] Page 218 → Found: ['premium_processing']
[petition] Page 219 → sending...
[petition] Page 219 done (8.1s)
[petition] Page 219 → Found: ['premium_processing']
[petition] Page 220 → sending...
[petition] Page 220 done (8.3s)
[petition] Page 220 → Found: ['premium_processing']
[petition] Page 221 → sending...
[petition] Page 221 done (8.1s)
[petition] Page 221 → Found: ['premium_processing']
[petition] Page 222 → sending...
[petition] Page 222 done (8.2s)
[petition] Page 222 → Found: ['premium_processing']
[petition] Page 223 → sending...
[petition] Page 223 done (8.0s)
[petition] Page 223 → Found: ['premium_processing']
[petition] Page 224 → sending...
[petition] Page 224 done (8.0s)
[petition] Page 224 → Found: ['premium_processing']
[petition] Page 225 → sending...
[petition] Page 225 done (8.0s)
[petition] Page 225 → No useful fields
[petition] Page 226 → sending...
[petition] Page 226 done (7.9s)
[petition] Page 226 → No useful fields
[petition] Page 227 → sending...
[petition] Page 227 done (7.7s)
[petition] Page 227 → Found: ['premium_processing']
[petition] Page 228 → sending...
[petition] Page 228 done (10.0s)
[petition] Page 228 → Found: ['premium_processing']
[petition] Page 229 → sending...
[petition] Page 229 done (7.9s)
[petition] Page 229 → Found: ['premium_processing']
[petition] Page 230 → sending...
[petition] Page 230 done (7.7s)
[petition] Page 230 → Found: ['premium_processing']
[petition] Page 231 → sending...
[petition] Page 231 done (7.8s)
[petition] Page 231 → Found: ['premium_processing']
[petition] Page 232 → sending...
[petition] Page 232 done (7.4s)
[petition] Page 232 → Found: ['premium_processing', 'employer_sponsored', 'self_petition']
[petition] Page 233 → sending...
[petition] Page 233 done (7.4s)
[petition] Page 233 → Found: ['premium_processing']
[petition] Page 234 → sending...
[petition] Page 234 done (7.4s)
[petition] Page 234 → Found: ['premium_processing']
[petition] Page 235 → sending...
[petition] Page 235 done (7.3s)
[petition] Page 235 → Found: ['premium_processing']
[petition] Page 236 → sending...
[petition] Page 236 done (7.6s)
[petition] Page 236 → Found: ['premium_processing']
[petition] Page 237 → sending...
[petition] Page 237 done (7.5s)
[petition] Page 237 → Found: ['premium_processing']
[petition] Page 238 → sending...
[petition] Page 238 done (7.4s)
[petition] Page 238 → No useful fields
[petition] Page 239 → sending...
[petition] Page 239 done (5.3s)
[petition] Page 239 → Parse error
[petition] Page 240 → sending...
[petition] Page 240 done (7.5s)
[petition] Page 240 → Found: ['premium_processing', 'criteria_claimed_count', 'high_salary_claimed']
[petition] Page 241 → sending...
[petition] Page 241 done (7.5s)
[petition] Page 241 → Found: ['premium_processing']
[petition] Page 242 → sending...
[petition] Page 242 done (7.6s)
[petition] Page 242 → Found: ['premium_processing', 'employer_sponsored', 'self_petition']
[petition] Page 243 → sending...
[petition] Page 243 done (7.5s)
[petition] Page 243 → Found: ['premium_processing']
[petition] Page 244 → sending...
[petition] Page 244 done (7.5s)
[petition] Page 244 → Found: ['premium_processing']
[petition] Page 245 → sending...
[petition] Page 245 done (7.6s)
[petition] Page 245 → Found: ['premium_processing']
[petition] Page 246 → sending...
[petition] Page 246 done (7.6s)
[petition] Page 246 → Found: ['premium_processing']
[petition] Page 247 → sending...
[petition] Page 247 done (7.4s)
[petition] Page 247 → Found: ['premium_processing']
[petition] Page 248 → sending...
[petition] Page 248 done (7.6s)
[petition] Page 248 → Found: ['included_publications']
[petition] Page 249 → sending...
[petition] Page 249 done (7.6s)
[petition] Page 249 → Found: ['premium_processing', 'included_publications']
[petition] Page 250 → sending...
[petition] Page 250 done (7.7s)
[petition] Page 250 → No useful fields
[petition] Page 251 → sending...
[petition] Page 251 done (7.8s)
[petition] Page 251 → Found: ['premium_processing', 'included_publications']
[petition] Page 252 → sending...
[petition] Page 252 done (7.5s)
[petition] Page 252 → Found: ['premium_processing']
[petition] Page 253 → sending...
[petition] Page 253 done (7.8s)
[petition] Page 253 → No useful fields
[petition] Page 254 → sending...
[petition] Page 254 done (7.8s)
[petition] Page 254 → No useful fields
[petition] Page 255 → sending...
[petition] Page 255 done (7.8s)
[petition] Page 255 → No useful fields
[petition] Page 256 → sending...
[petition] Page 256 done (8.0s)
[petition] Page 256 → No useful fields
[petition] Page 257 → sending...
[petition] Page 257 done (7.7s)
[petition] Page 257 → Found: ['premium_processing']
[petition] Page 258 → sending...
[petition] Page 258 done (7.8s)
[petition] Page 258 → Found: ['premium_processing']
[petition] Page 259 → sending...
[petition] Page 259 done (7.6s)
[petition] Page 259 → Found: ['premium_processing']
[petition] Page 260 → sending...
[petition] Page 260 done (7.6s)
[petition] Page 260 → Found: ['premium_processing', 'employer_sponsored', 'self_petition']
[petition] Page 261 → sending...
[petition] Page 261 done (7.4s)
[petition] Page 261 → Found: ['premium_processing', 'included_publications']
[petition] Page 262 → sending...
[petition] Page 262 done (7.9s)
[petition] Page 262 → Found: ['premium_processing', 'included_publications']
[petition] Page 263 → sending...
[petition] Page 263 done (7.9s)
[petition] Page 263 → No useful fields
[petition] Page 264 → sending...
[petition] Page 264 done (7.9s)
[petition] Page 264 → Found: ['premium_processing']
[petition] Page 265 → sending...
[petition] Page 265 done (7.6s)
[petition] Page 265 → No useful fields
[petition] Page 266 → sending...
[petition] Page 266 done (7.8s)
[petition] Page 266 → No useful fields
[petition] Page 267 → sending...
[petition] Page 267 done (7.5s)
[petition] Page 267 → No useful fields
[petition] Page 268 → sending...
[petition] Page 268 done (7.6s)
[petition] Page 268 → Found: ['premium_processing']
[petition] Page 269 → sending...
[petition] Page 269 done (7.8s)
[petition] Page 269 → Found: ['premium_processing']
[petition] Page 270 → sending...
[petition] Page 270 done (7.9s)
[petition] Page 270 → Found: ['premium_processing', 'employer_sponsored', 'self_petition']
[petition] Page 271 → sending...
[petition] Page 271 done (7.5s)
[petition] Page 271 → Found: ['premium_processing', 'included_publications']
[petition] Page 272 → sending...
[petition] Page 272 done (7.7s)
[petition] Page 272 → Found: ['premium_processing']
[petition] Page 273 → sending...
[petition] Page 273 done (7.6s)
[petition] Page 273 → Found: ['premium_processing']
[petition] Page 274 → sending...
[petition] Page 274 done (7.8s)
[petition] Page 274 → Found: ['premium_processing']
[petition] Page 275 → sending...
[petition] Page 275 done (7.6s)
[petition] Page 275 → No useful fields
[petition] Page 276 → sending...
[petition] Page 276 done (8.0s)
[petition] Page 276 → Found: ['premium_processing']
[petition] Page 277 → sending...
[petition] Page 277 done (7.8s)
[petition] Page 277 → Found: ['premium_processing']
[petition] Page 278 → sending...
[petition] Page 278 done (7.7s)
[petition] Page 278 → Found: ['premium_processing']
[petition] Page 279 → sending...
[petition] Page 279 done (7.7s)
[petition] Page 279 → Found: ['premium_processing', 'employer_sponsored', 'self_petition']
[petition] Page 280 → sending...
[petition] Page 280 done (7.7s)
[petition] Page 280 → Found: ['premium_processing']
[petition] Page 281 → sending...
[petition] Page 281 done (7.7s)
[petition] Page 281 → Found: ['premium_processing']
[petition] Page 282 → sending...
[petition] Page 282 done (7.5s)
[petition] Page 282 → No useful fields
[petition] Page 283 → sending...
[petition] Page 283 done (7.7s)
[petition] Page 283 → No useful fields
[petition] Page 284 → sending...
[petition] Page 284 done (7.5s)
[petition] Page 284 → No useful fields
[petition] Page 285 → sending...
[petition] Page 285 done (5.4s)
[petition] Page 285 → Found: ['petition_type', 'premium_processing']
[petition] Page 286 → sending...
[petition] Page 286 done (7.8s)
[petition] Page 286 → Found: ['premium_processing']
[petition] Page 287 → sending...
[petition] Page 287 done (7.7s)
[petition] Page 287 → Found: ['petition_type', 'premium_processing', 'employer_sponsored', 'self_petition', 'beneficiary_industry']
[petition] Page 288 → sending...
[petition] Page 288 done (7.6s)
[petition] Page 288 → Found: ['premium_processing']
[petition] Page 289 → sending...
[petition] Page 289 done (7.5s)
[petition] Page 289 → Found: ['premium_processing']
[petition] Page 290 → sending...
[petition] Page 290 done (7.3s)
[petition] Page 290 → Found: ['premium_processing']
[petition] Page 291 → sending...
[petition] Page 291 done (7.3s)
[petition] Page 291 → Found: ['premium_processing']
[petition] Page 292 → sending...
[petition] Page 292 done (7.4s)
[petition] Page 292 → Found: ['premium_processing']
[petition] Page 293 → sending...
[petition] Page 293 done (7.5s)
[petition] Page 293 → Found: ['premium_processing']
[petition] Page 294 → sending...
[petition] Page 294 done (9.2s)
[petition] Page 294 → Found: ['premium_processing']
[petition] Page 295 → sending...
[petition] Page 295 done (11.8s)
[petition] Page 295 → Found: ['premium_processing', 'rfe_issued', 'noid_issued']
[petition] Page 296 → sending...
[petition] Page 296 done (9.5s)
[petition] Page 296 → Found: ['premium_processing']
[petition] Page 297 → sending...
[petition] Page 297 done (9.6s)
[petition] Page 297 → Found: ['premium_processing']
[petition] Page 298 → sending...
[petition] Page 298 done (7.4s)
[petition] Page 298 → Found: ['premium_processing']
[petition] Page 299 → sending...
[petition] Page 299 done (9.5s)
[petition] Page 299 → Found: ['premium_processing']
[petition] Page 300 → sending...
[petition] Page 300 done (7.5s)
[petition] Page 300 → Found: ['premium_processing']
[petition] Page 301 → sending...
[petition] Page 301 done (7.3s)
[petition] Page 301 → Found: ['premium_processing']
[petition] Page 302 → sending...
[petition] Page 302 done (7.3s)
[petition] Page 302 → Found: ['premium_processing']
[petition] Page 303 → sending...
[petition] Page 303 done (7.7s)
[petition] Page 303 → Found: ['premium_processing']
[petition] Page 304 → sending...
[petition] Page 304 done (7.8s)
[petition] Page 304 → Found: ['premium_processing']
[petition] Page 305 → sending...
[petition] Page 305 done (7.6s)
[petition] Page 305 → Found: ['premium_processing', 'included_publications']
[petition] Page 306 → sending...
[petition] Page 306 done (7.9s)
[petition] Page 306 → Found: ['premium_processing']
[petition] Page 307 → sending...
[petition] Page 307 done (8.0s)
[petition] Page 307 → Found: ['premium_processing']
[petition] Page 308 → sending...
[petition] Page 308 done (7.7s)
[petition] Page 308 → Found: ['premium_processing', 'included_publications', 'cell_cited']
[petition] Page 309 → sending...
[petition] Page 309 done (7.7s)
[petition] Page 309 → Found: ['premium_processing']
[petition] Page 310 → sending...
[petition] Page 310 done (7.7s)
[petition] Page 310 → Found: ['premium_processing']
[petition] Page 311 → sending...
[petition] Page 311 done (7.6s)
[petition] Page 311 → Found: ['premium_processing', 'included_publications']
[petition] Page 312 → sending...
[petition] Page 312 done (7.8s)
[petition] Page 312 → Found: ['premium_processing']
[petition] Page 313 → sending...
[petition] Page 313 done (7.9s)
[petition] Page 313 → Found: ['premium_processing']
[petition] Page 314 → sending...
[petition] Page 314 done (7.9s)
[petition] Page 314 → Found: ['premium_processing', 'included_publications']
[petition] Page 315 → sending...
[petition] Page 315 done (9.8s)
[petition] Page 315 → Found: ['premium_processing', 'included_publications']
[petition] Page 316 → sending...
[petition] Page 316 done (7.8s)
[petition] Page 316 → Found: ['premium_processing']
[petition] Page 317 → sending...
[petition] Page 317 done (8.2s)
[petition] Page 317 → Found: ['premium_processing', 'included_publications', 'cell_cited']
[petition] Page 318 → sending...
[petition] Page 318 done (7.9s)
[petition] Page 318 → Found: ['premium_processing']
[petition] Page 319 → sending...
[petition] Page 319 done (8.0s)
[petition] Page 319 → Found: ['premium_processing']
[petition] Page 320 → sending...
[petition] Page 320 done (8.1s)
[petition] Page 320 → Found: ['premium_processing']
[petition] Page 321 → sending...
[petition] Page 321 done (8.2s)
[petition] Page 321 → Found: ['premium_processing']
[petition] Page 322 → sending...
[petition] Page 322 done (8.1s)
[petition] Page 322 → Found: ['premium_processing']
[petition] Page 323 → sending...
[petition] Page 323 done (7.6s)
[petition] Page 323 → Found: ['premium_processing']
[petition] Page 324 → sending...
[petition] Page 324 done (7.8s)
[petition] Page 324 → Found: ['premium_processing']
[petition] Page 325 → sending...
[petition] Page 325 done (7.8s)
[petition] Page 325 → Found: ['premium_processing', 'included_publications']
[petition] Page 326 → sending...
[petition] Page 326 done (7.8s)
[petition] Page 326 → Found: ['premium_processing']
[petition] Page 327 → sending...
[petition] Page 327 done (7.9s)
[petition] Page 327 → Found: ['premium_processing']
[petition] Page 328 → sending...
[petition] Page 328 done (7.9s)
[petition] Page 328 → Found: ['premium_processing']
[petition] Page 329 → sending...
[petition] Page 329 done (7.6s)
[petition] Page 329 → Found: ['premium_processing', 'included_publications']
[petition] Page 330 → sending...
[petition] Page 330 done (7.9s)
[petition] Page 330 → Found: ['premium_processing']
[petition] Page 331 → sending...
[petition] Page 331 done (7.8s)
[petition] Page 331 → Found: ['premium_processing', 'included_publications']
[petition] Page 332 → sending...
[petition] Page 332 done (8.0s)
[petition] Page 332 → Found: ['premium_processing']
[petition] Page 333 → sending...
[petition] Page 333 done (7.9s)
[petition] Page 333 → Found: ['premium_processing', 'included_publications']
[petition] Page 334 → sending...
[petition] Page 334 done (7.9s)
[petition] Page 334 → Found: ['premium_processing']
[petition] Page 335 → sending...
[petition] Page 335 done (7.6s)
[petition] Page 335 → No useful fields
[petition] Page 336 → sending...
[petition] Page 336 done (7.9s)
[petition] Page 336 → Found: ['premium_processing']
[petition] Page 337 → sending...
[petition] Page 337 done (9.6s)
[petition] Page 337 → Found: ['premium_processing']
[petition] Page 338 → sending...
[petition] Page 338 done (9.7s)
[petition] Page 338 → Found: ['premium_processing']
[petition] Page 339 → sending...
[petition] Page 339 done (7.7s)
[petition] Page 339 → Found: ['premium_processing']
[petition] Page 340 → sending...
[petition] Page 340 done (9.4s)
[petition] Page 340 → No useful fields
[petition] Page 341 → sending...
[petition] Page 341 done (7.9s)
[petition] Page 341 → Found: ['premium_processing']
[petition] Page 342 → sending...
[petition] Page 342 done (7.5s)
[petition] Page 342 → Found: ['premium_processing']
[petition] Page 343 → sending...
[petition] Page 343 done (9.7s)
[petition] Page 343 → Found: ['premium_processing']
[petition] Page 344 → sending...
[petition] Page 344 done (8.0s)
[petition] Page 344 → Found: ['premium_processing']
[petition] Page 345 → sending...
[petition] Page 345 done (8.0s)
[petition] Page 345 → No useful fields
[petition] Page 346 → sending...
[petition] Page 346 done (7.7s)
[petition] Page 346 → Found: ['premium_processing']
[petition] Page 347 → sending...
[petition] Page 347 done (9.7s)
[petition] Page 347 → No useful fields
[petition] Page 348 → sending...
[petition] Page 348 done (7.7s)
[petition] Page 348 → Found: ['premium_processing']
[petition] Page 349 → sending...
[petition] Page 349 done (7.4s)
[petition] Page 349 → Found: ['premium_processing']
[petition] Page 350 → sending...
[petition] Page 350 done (7.7s)
[petition] Page 350 → Found: ['premium_processing']
[petition] Page 351 → sending...
[petition] Page 351 done (7.8s)
[petition] Page 351 → No useful fields
[petition] Page 352 → sending...
[petition] Page 352 done (9.9s)
[petition] Page 352 → Found: ['premium_processing']
[petition] Page 353 → sending...
[petition] Page 353 done (7.9s)
[petition] Page 353 → Found: ['premium_processing']
[petition] Page 354 → sending...
[petition] Page 354 done (7.9s)
[petition] Page 354 → No useful fields
[petition] Page 355 → sending...
[petition] Page 355 done (7.0s)
[petition] Page 355 → No useful fields
[petition] Page 356 → sending...
[petition] Page 356 done (7.6s)
[petition] Page 356 → Found: ['premium_processing']
[petition] Page 357 → sending...
[petition] Page 357 done (9.5s)
[petition] Page 357 → Found: ['premium_processing']
[petition] Page 358 → sending...
[petition] Page 358 done (8.1s)
[petition] Page 358 → Found: ['premium_processing']
[petition] Page 359 → sending...
[petition] Page 359 done (8.0s)
[petition] Page 359 → Found: ['premium_processing', 'employer_sponsored', 'self_petition']
[petition] Page 360 → sending...
[petition] Page 360 done (8.1s)
[petition] Page 360 → Found: ['premium_processing']
[petition] Page 361 → sending...
[petition] Page 361 done (10.1s)
[petition] Page 361 → Found: ['premium_processing']
[petition] Page 362 → sending...
[petition] Page 362 done (8.1s)
[petition] Page 362 → No useful fields
[petition] Page 363 → sending...
[petition] Page 363 done (10.1s)
[petition] Page 363 → Found: ['premium_processing']
[petition] Page 364 → sending...
[petition] Page 364 done (8.3s)
[petition] Page 364 → Found: ['premium_processing']
[petition] Page 365 → sending...
[petition] Page 365 done (8.2s)
[petition] Page 365 → Found: ['premium_processing']
[petition] Page 366 → sending...
[petition] Page 366 done (7.9s)
[petition] Page 366 → Found: ['premium_processing']
[petition] Page 367 → sending...
[petition] Page 367 done (7.4s)
[petition] Page 367 → Found: ['premium_processing']
[petition] Page 368 → sending...
[petition] Page 368 done (9.8s)
[petition] Page 368 → Found: ['premium_processing']
[petition] Page 369 → sending...
[petition] Page 369 done (7.9s)
[petition] Page 369 → Found: ['premium_processing']
[petition] Page 370 → sending...
[petition] Page 370 done (7.8s)
[petition] Page 370 → No useful fields
[petition] Page 371 → sending...
[petition] Page 371 done (9.9s)
[petition] Page 371 → Found: ['premium_processing']
[petition] Page 372 → sending...
[petition] Page 372 done (7.8s)
[petition] Page 372 → Found: ['premium_processing']
[petition] Page 373 → sending...
[petition] Page 373 done (7.8s)
[petition] Page 373 → Found: ['premium_processing']
[petition] Page 374 → sending...
[petition] Page 374 done (11.5s)
[petition] Page 374 → Found: ['premium_processing', 'beneficiary_industry']
[petition] Page 375 → sending...
[petition] Page 375 done (7.8s)
[petition] Page 375 → Found: ['premium_processing']
[petition] Page 376 → sending...
[petition] Page 376 done (7.8s)
[petition] Page 376 → Found: ['premium_processing']
[petition] Page 377 → sending...
[petition] Page 377 done (12.0s)
[petition] Page 377 → Found: ['premium_processing', 'beneficiary_country_of_birth']
[petition] Page 378 → sending...
[petition] Page 378 done (7.8s)
[petition] Page 378 → Found: ['premium_processing', 'employer_sponsored', 'self_petition']
[petition] Page 379 → sending...
[petition] Page 379 done (7.7s)
[petition] Page 379 → Found: ['premium_processing']
[petition] Page 380 → sending...
[petition] Page 380 done (10.0s)
[petition] Page 380 → Found: ['premium_processing']
[petition] Page 381 → sending...
[petition] Page 381 done (8.8s)
[petition] Page 381 → Found: ['premium_processing']
[petition] Page 382 → sending...
[petition] Page 382 done (7.7s)
[petition] Page 382 → Found: ['premium_processing']
[petition] Page 383 → sending...
[petition] Page 383 done (7.9s)
[petition] Page 383 → Found: ['premium_processing']
[petition] Page 384 → sending...
[petition] Page 384 done (7.9s)
[petition] Page 384 → Found: ['premium_processing']
[petition] Page 385 → sending...
[petition] Page 385 done (7.8s)
[petition] Page 385 → Found: ['premium_processing']
[petition] Page 386 → sending...
[petition] Page 386 done (8.9s)
[petition] Page 386 → Found: ['premium_processing']
[petition] Page 387 → sending...
[petition] Page 387 done (9.6s)
[petition] Page 387 → Found: ['premium_processing']
[petition] Page 388 → sending...
[petition] Page 388 done (9.7s)
[petition] Page 388 → Found: ['premium_processing']
[petition] Page 389 → sending...
[petition] Page 389 done (7.9s)
[petition] Page 389 → Found: ['premium_processing']
[petition] Page 390 → sending...
[petition] Page 390 done (8.1s)
[petition] Page 390 → No useful fields
[petition] Page 391 → sending...
[petition] Page 391 done (9.8s)
[petition] Page 391 → No useful fields
[petition] Page 392 → sending...
[petition] Page 392 done (7.7s)
[petition] Page 392 → No useful fields
[petition] Page 393 → sending...
[petition] Page 393 done (7.7s)
[petition] Page 393 → Found: ['premium_processing']
[petition] Page 394 → sending...
[petition] Page 394 done (9.7s)
[petition] Page 394 → Found: ['premium_processing']
[petition] Page 395 → sending...
[petition] Page 395 done (7.6s)
[petition] Page 395 → Found: ['premium_processing']
[petition] Page 396 → sending...
[petition] Page 396 done (7.5s)
[petition] Page 396 → Found: ['premium_processing']
[petition] Page 397 → sending...
[petition] Page 397 done (7.5s)
[petition] Page 397 → Found: ['premium_processing']
[petition] Page 398 → sending...
[petition] Page 398 done (7.8s)
[petition] Page 398 → Found: ['premium_processing']
[petition] Page 399 → sending...
[petition] Page 399 done (6.9s)
[petition] Page 399 → No useful fields
[petition] Page 400 → sending...
[petition] Page 400 done (7.6s)
[petition] Page 400 → Found: ['premium_processing']
[petition] Page 401 → sending...
[petition] Page 401 done (7.8s)
[petition] Page 401 → Found: ['premium_processing']
[petition] Page 402 → sending...
[petition] Page 402 done (9.3s)
[petition] Page 402 → No useful fields
[petition] Page 403 → sending...
[petition] Page 403 done (9.7s)
[petition] Page 403 → Found: ['premium_processing']
[petition] Page 404 → sending...
[petition] Page 404 done (9.6s)
[petition] Page 404 → Found: ['premium_processing']
[petition] Page 405 → sending...
[petition] Page 405 done (9.8s)
[petition] Page 405 → Found: ['premium_processing', 'beneficiary_industry']
[petition] Page 406 → sending...
[petition] Page 406 done (7.9s)
[petition] Page 406 → Found: ['premium_processing', 'employer_sponsored', 'self_petition']
[petition] Page 407 → sending...
[petition] Page 407 done (7.8s)
[petition] Page 407 → Found: ['premium_processing']
[petition] Page 408 → sending...
[petition] Page 408 done (7.7s)
[petition] Page 408 → Found: ['premium_processing']
[petition] Page 409 → sending...
[petition] Page 409 done (7.9s)
[petition] Page 409 → Found: ['premium_processing']
[petition] Page 410 → sending...
[petition] Page 410 done (7.4s)
[petition] Page 410 → Found: ['premium_processing']
[petition] Page 411 → sending...
[petition] Page 411 done (8.7s)
[petition] Page 411 → Found: ['premium_processing']
[petition] Page 412 → sending...
[petition] Page 412 done (7.6s)
[petition] Page 412 → Found: ['premium_processing']
[petition] Page 413 → sending...
[petition] Page 413 done (7.9s)
[petition] Page 413 → Found: ['premium_processing']
[petition] Page 414 → sending...
[petition] Page 414 done (9.5s)
[petition] Page 414 → Found: ['premium_processing']
[petition] Page 415 → sending...
[petition] Page 415 done (7.5s)
[petition] Page 415 → Found: ['premium_processing']
[petition] Page 416 → sending...
[petition] Page 416 done (7.4s)
[petition] Page 416 → Found: ['premium_processing']
[petition] Page 417 → sending...
[petition] Page 417 done (9.7s)
[petition] Page 417 → Found: ['premium_processing']
[petition] Page 418 → sending...
[petition] Page 418 done (7.6s)
[petition] Page 418 → Found: ['premium_processing']
[petition] Page 419 → sending...
[petition] Page 419 done (7.9s)
[petition] Page 419 → Found: ['premium_processing', 'employer_sponsored', 'self_petition']
[petition] Page 420 → sending...
[petition] Page 420 done (7.5s)
[petition] Page 420 → Found: ['premium_processing']
[petition] Page 421 → sending...
[petition] Page 421 done (7.8s)
[petition] Page 421 → Found: ['premium_processing']
[petition] Page 422 → sending...
[petition] Page 422 done (9.1s)
[petition] Page 422 → Found: ['premium_processing']
[petition] Page 423 → sending...
[petition] Page 423 done (7.9s)
[petition] Page 423 → Found: ['premium_processing']
[petition] Page 424 → sending...
[petition] Page 424 done (7.7s)
[petition] Page 424 → Found: ['premium_processing']
[petition] Page 425 → sending...
[petition] Page 425 done (7.7s)
[petition] Page 425 → Found: ['premium_processing']
[petition] Page 426 → sending...
[petition] Page 426 done (7.5s)
[petition] Page 426 → Found: ['premium_processing']
[petition] Page 427 → sending...
[petition] Page 427 done (9.7s)
[petition] Page 427 → Found: ['premium_processing']
[petition] Page 428 → sending...
[petition] Page 428 done (7.8s)
[petition] Page 428 → Found: ['premium_processing']
[petition] Page 429 → sending...
[petition] Page 429 done (9.6s)
[petition] Page 429 → Found: ['premium_processing']
[petition] Page 430 → sending...
[petition] Page 430 done (7.5s)
[petition] Page 430 → Found: ['premium_processing']
[petition] Page 431 → sending...
[petition] Page 431 done (6.9s)
[petition] Page 431 → Found: ['premium_processing']
[petition] Page 432 → sending...
[petition] Page 432 done (7.6s)
[petition] Page 432 → Found: ['premium_processing']
[petition] Page 433 → sending...
[petition] Page 433 done (7.6s)
[petition] Page 433 → Found: ['premium_processing']
[petition] Page 434 → sending...
[petition] Page 434 done (7.6s)
[petition] Page 434 → Found: ['premium_processing']
[petition] Page 435 → sending...
[petition] Page 435 done (7.5s)
[petition] Page 435 → Found: ['premium_processing']
[petition] Page 436 → sending...
[petition] Page 436 done (9.2s)
[petition] Page 436 → Found: ['premium_processing']
[petition] Page 437 → sending...
[petition] Page 437 done (9.2s)
[petition] Page 437 → Found: ['premium_processing']
[petition] Page 438 → sending...
[petition] Page 438 done (10.1s)
[petition] Page 438 → Found: ['premium_processing']
[petition] Page 439 → sending...
[petition] Page 439 done (7.6s)
[petition] Page 439 → Found: ['premium_processing']
[petition] Page 440 → sending...
[petition] Page 440 done (7.6s)
[petition] Page 440 → No useful fields
[petition] Page 441 → sending...
[petition] Page 441 done (7.6s)
[petition] Page 441 → Found: ['premium_processing']
[petition] Page 442 → sending...
[petition] Page 442 done (7.8s)
[petition] Page 442 → Found: ['premium_processing']
[petition] Page 443 → sending...
[petition] Page 443 done (7.6s)
[petition] Page 443 → Found: ['premium_processing']
[petition] Page 444 → sending...
[petition] Page 444 done (7.7s)
[petition] Page 444 → Found: ['premium_processing']
[petition] Page 445 → sending...
[petition] Page 445 done (9.6s)
[petition] Page 445 → Found: ['premium_processing']
[petition] Page 446 → sending...
[petition] Page 446 done (8.1s)
[petition] Page 446 → Found: ['premium_processing']
[petition] Page 447 → sending...
[petition] Page 447 done (9.6s)
[petition] Page 447 → No useful fields
[petition] Page 448 → sending...
[petition] Page 448 done (7.7s)
[petition] Page 448 → Found: ['premium_processing']
[petition] Page 449 → sending...
[petition] Page 449 done (7.5s)
[petition] Page 449 → Found: ['premium_processing']
[petition] Page 450 → sending...
[petition] Page 450 done (7.5s)
[petition] Page 450 → Found: ['premium_processing', 'beneficiary_industry']
[petition] Page 451 → sending...
[petition] Page 451 done (7.5s)
[petition] Page 451 → Found: ['premium_processing']
[petition] Page 452 → sending...
[petition] Page 452 done (7.3s)
[petition] Page 452 → Found: ['premium_processing']
[petition] Page 453 → sending...
[petition] Page 453 done (7.7s)
[petition] Page 453 → Found: ['premium_processing']
[petition] Page 454 → sending...
[petition] Page 454 done (7.2s)
[petition] Page 454 → Found: ['premium_processing']
[petition] Page 455 → sending...
[petition] Page 455 done (9.8s)
[petition] Page 455 → Found: ['premium_processing']
[petition] Page 456 → sending...
[petition] Page 456 done (7.4s)
[petition] Page 456 → Found: ['premium_processing', 'employer_sponsored', 'self_petition']
[petition] Page 457 → sending...
[petition] Page 457 done (7.8s)
[petition] Page 457 → Found: ['premium_processing']
[petition] Page 458 → sending...
[petition] Page 458 done (5.4s)
[petition] Page 458 → Found: ['premium_processing']
[petition] Page 459 → sending...
[petition] Page 459 done (7.9s)
[petition] Page 459 → Found: ['premium_processing']
[petition] Page 460 → sending...
[petition] Page 460 done (7.6s)
[petition] Page 460 → Found: ['premium_processing']
[petition] Page 461 → sending...
[petition] Page 461 done (7.5s)
[petition] Page 461 → Found: ['premium_processing']
[petition] Page 462 → sending...
[petition] Page 462 done (7.4s)
[petition] Page 462 → Found: ['premium_processing']
[petition] Page 463 → sending...
[petition] Page 463 done (7.5s)
[petition] Page 463 → Found: ['premium_processing', 'employer_sponsored', 'self_petition']
[petition] Page 464 → sending...
[petition] Page 464 done (7.3s)
[petition] Page 464 → Found: ['premium_processing']
[petition] Page 465 → sending...
[petition] Page 465 done (7.5s)
[petition] Page 465 → Found: ['premium_processing']
[petition] Page 466 → sending...
[petition] Page 466 done (7.5s)
[petition] Page 466 → Found: ['premium_processing']
[petition] Page 467 → sending...
[petition] Page 467 done (7.6s)
[petition] Page 467 → Found: ['premium_processing']
[petition] Page 468 → sending...
[petition] Page 468 done (10.5s)
[petition] Page 468 → Found: ['premium_processing']
[petition] Page 469 → sending...
[petition] Page 469 done (7.5s)
[petition] Page 469 → Found: ['premium_processing']
[petition] Page 470 → sending...
[petition] Page 470 done (7.6s)
[petition] Page 470 → Found: ['premium_processing']
[petition] Page 471 → sending...
[petition] Page 471 done (7.3s)
[petition] Page 471 → Found: ['premium_processing']
[petition] Page 472 → sending...
[petition] Page 472 done (7.5s)
[petition] Page 472 → Found: ['premium_processing']
[petition] Page 473 → sending...
[petition] Page 473 done (7.4s)
[petition] Page 473 → Found: ['premium_processing']
[petition] Page 474 → sending...
[petition] Page 474 done (7.4s)
[petition] Page 474 → No useful fields
[petition] Page 475 → sending...
[petition] Page 475 done (7.5s)
[petition] Page 475 → Found: ['premium_processing']
[petition] Page 476 → sending...
[petition] Page 476 done (9.4s)
[petition] Page 476 → Found: ['premium_processing', 'employer_sponsored', 'self_petition', 'rfe_issued', 'noid_issued', 'included_publications', 'cell_cited']
[petition] Page 477 → sending...
[petition] Page 477 done (7.7s)
[petition] Page 477 → Found: ['premium_processing']
[petition] Page 478 → sending...
[petition] Page 478 done (7.6s)
[petition] Page 478 → Found: ['premium_processing']
[petition] Page 479 → sending...
[petition] Page 479 done (7.5s)
[petition] Page 479 → Found: ['premium_processing']
[petition] Page 480 → sending...
[petition] Page 480 done (7.6s)
[petition] Page 480 → Found: ['premium_processing']
[petition] Page 481 → sending...
[petition] Page 481 done (7.6s)
[petition] Page 481 → Found: ['premium_processing']
[petition] Page 482 → sending...
[petition] Page 482 done (7.9s)
[petition] Page 482 → Found: ['filing_date', 'premium_processing', 'employer_sponsored', 'self_petition']
[petition] Page 483 → sending...
[petition] Page 483 done (7.4s)
[petition] Page 483 → Found: ['premium_processing']
[petition] Page 484 → sending...
[petition] Page 484 done (7.5s)
[petition] Page 484 → Found: ['premium_processing']
[petition] Page 485 → sending...
[petition] Page 485 done (9.2s)
[petition] Page 485 → Found: ['premium_processing']
[petition] Page 486 → sending...
[petition] Page 486 done (7.7s)
[petition] Page 486 → Found: ['premium_processing']
[petition] Page 487 → sending...
[petition] Page 487 done (7.6s)
[petition] Page 487 → Found: ['premium_processing', 'employer_sponsored', 'self_petition']
[petition] Page 488 → sending...
[petition] Page 488 done (7.8s)
[petition] Page 488 → Found: ['premium_processing', 'beneficiary_industry']
[petition] Page 489 → sending...
[petition] Page 489 done (10.0s)
[petition] Page 489 → Found: ['premium_processing']
[petition] Page 490 → sending...
[petition] Page 490 done (19.2s)
[petition] Page 490 → Found: ['premium_processing']
[petition] Page 491 → sending...
[petition] Page 491 done (10.0s)
[petition] Page 491 → Found: ['premium_processing']
[petition] Page 492 → sending...
[petition] Page 492 done (7.5s)
[petition] Page 492 → Found: ['premium_processing']
[petition] Page 493 → sending...
[petition] Page 493 done (8.9s)
[petition] Page 493 → Found: ['premium_processing', 'employer_sponsored', 'self_petition', 'rfe_issued', 'noid_issued', 'included_publications', 'cell_cited']
[petition] Page 494 → sending...
[petition] Page 494 done (9.7s)
[petition] Page 494 → Found: ['premium_processing']
[petition] Page 495 → sending...
[petition] Page 495 done (9.7s)
[petition] Page 495 → Found: ['premium_processing']
[petition] Page 496 → sending...
[petition] Page 496 done (9.6s)
[petition] Page 496 → No useful fields
[petition] Page 497 → sending...
[petition] Page 497 done (7.3s)
[petition] Page 497 → Found: ['premium_processing']
[petition] Page 498 → sending...
[petition] Page 498 done (7.6s)
[petition] Page 498 → Found: ['premium_processing', 'beneficiary_industry']
[petition] Page 499 → sending...
[petition] Page 499 done (7.7s)
[petition] Page 499 → Found: ['premium_processing', 'beneficiary_industry', 'included_publications']
[petition] Page 500 → sending...
[petition] Page 500 done (7.5s)
[petition] Page 500 → Found: ['premium_processing']
[petition] Page 501 → sending...
[petition] Page 501 done (7.9s)
[petition] Page 501 → Parse error
[petition] Page 502 → sending...
[petition] Page 502 done (7.6s)
[petition] Page 502 → Found: ['premium_processing']
[petition] Page 503 → sending...
[petition] Page 503 done (7.6s)
[petition] Page 503 → Found: ['premium_processing']
[petition] Page 504 → sending...
[petition] Page 504 done (7.8s)
[petition] Page 504 → Found: ['premium_processing']
[petition] Page 505 → sending...
[petition] Page 505 done (7.8s)
[petition] Page 505 → No useful fields
[petition] Page 506 → sending...
[petition] Page 506 done (7.8s)
[petition] Page 506 → Found: ['premium_processing', 'employer_sponsored', 'self_petition', 'beneficiary_industry']
[petition] Page 507 → sending...
[petition] Page 507 done (9.9s)
[petition] Page 507 → Found: ['premium_processing']
[petition] Page 508 → sending...
[petition] Page 508 done (9.8s)
[petition] Page 508 → Found: ['premium_processing']
[petition] Page 509 → sending...
[petition] Page 509 done (7.7s)
[petition] Page 509 → Found: ['premium_processing']
[petition] Page 510 → sending...
[petition] Page 510 done (7.6s)
[petition] Page 510 → Found: ['premium_processing']
[petition] Page 511 → sending...
[petition] Page 511 done (7.6s)
[petition] Page 511 → Found: ['premium_processing']
[petition] Page 512 → sending...
[petition] Page 512 done (9.4s)
[petition] Page 512 → Found: ['premium_processing']
[petition] Page 513 → sending...
[petition] Page 513 done (9.1s)
[petition] Page 513 → Found: ['premium_processing', 'employer_sponsored', 'self_petition', 'rfe_issued', 'noid_issued', 'included_publications', 'cell_cited']
[petition] Page 514 → sending...
[petition] Page 514 done (9.2s)
[petition] Page 514 → Found: ['premium_processing']
[petition] Page 515 → sending...
[petition] Page 515 done (9.5s)
[petition] Page 515 → Found: ['premium_processing']
[petition] Page 516 → sending...
[petition] Page 516 done (7.4s)
[petition] Page 516 → Found: ['premium_processing']
[petition] Page 517 → sending...
[petition] Page 517 done (9.6s)
[petition] Page 517 → Found: ['premium_processing']
[petition] Page 518 → sending...
[petition] Page 518 done (9.7s)
[petition] Page 518 → Found: ['premium_processing']
[petition] Page 519 → sending...
[petition] Page 519 done (9.9s)
[petition] Page 519 → Found: ['premium_processing']
[petition] Page 520 → sending...
[petition] Page 520 done (7.6s)
[petition] Page 520 → Found: ['premium_processing']
[petition] Page 521 → sending...
[petition] Page 521 done (9.5s)
[petition] Page 521 → Found: ['premium_processing']
[petition] Page 522 → sending...
[petition] Page 522 done (9.7s)
[petition] Page 522 → Found: ['premium_processing', 'employer_sponsored', 'self_petition', 'rfe_issued', 'noid_issued']
[petition] Page 523 → sending...
[petition] Page 523 done (6.8s)
[petition] Page 523 → Found: ['premium_processing']
[petition] Page 524 → sending...
[petition] Page 524 done (9.8s)
[petition] Page 524 → Found: ['premium_processing']
[petition] Page 525 → sending...
[petition] Page 525 done (9.8s)
[petition] Page 525 → Found: ['premium_processing']
[petition] Page 526 → sending...
[petition] Page 526 done (9.6s)
[petition] Page 526 → Found: ['premium_processing']
[petition] Page 527 → sending...
[petition] Page 527 done (7.6s)
[petition] Page 527 → No useful fields
[petition] Page 528 → sending...
[petition] Page 528 done (9.8s)
[petition] Page 528 → No useful fields
[petition] Page 529 → sending...
[petition] Page 529 done (8.0s)
[petition] Page 529 → Found: ['premium_processing']
[petition] Page 530 → sending...
[petition] Page 530 done (7.7s)
[petition] Page 530 → No useful fields
[petition] Page 531 → sending...
[petition] Page 531 done (7.7s)
[petition] Page 531 → Found: ['premium_processing']
[petition] Page 532 → sending...
[petition] Page 532 done (7.8s)
[petition] Page 532 → Found: ['premium_processing']
[petition] Page 533 → sending...
[petition] Page 533 done (8.5s)
[petition] Page 533 → Found: ['petition_type', 'premium_processing', 'employer_sponsored', 'self_petition', 'beneficiary_industry']
[petition] Page 534 → sending...
[petition] Page 534 done (7.8s)
[petition] Page 534 → Found: ['premium_processing']
[petition] Page 535 → sending...
[petition] Page 535 done (8.0s)
[petition] Page 535 → No useful fields
[petition] Page 536 → sending...
[petition] Page 536 done (7.7s)
[petition] Page 536 → Found: ['premium_processing']
[petition] Page 537 → sending...
[petition] Page 537 done (8.0s)
[petition] Page 537 → Found: ['premium_processing']
[petition] Page 538 → sending...
[petition] Page 538 done (8.2s)
[petition] Page 538 → Found: ['premium_processing']
[petition] Page 539 → sending...
[petition] Page 539 done (10.1s)
[petition] Page 539 → Found: ['premium_processing']
[petition] Page 540 → sending...
[petition] Page 540 done (7.8s)
[petition] Page 540 → Found: ['premium_processing']
[petition] Page 541 → sending...
[petition] Page 541 done (9.8s)
[petition] Page 541 → Found: ['premium_processing']

PETITION RESULT:
{
  "petition_type": "EB-2 NIW",
  "service_center_or_field_office": "Tempe, AZ",
  "premium_processing": "Y",
  "employer_sponsored": false,
  "self_petition": true,
  "beneficiary_industry": "Tech",
  "eb2_basis": "Advanced Degree",
  "endeavor_field": "Tech",
  "national_importance_framing": "Economic",
  "dhanasar_prong_focus": "Prong 1",
  "evidence_of_positioning_present": true,
  "included_publications": true,
  "publication_type": "Books",
  "publications_included": true,
  "judging_others_work_claimed": true,
  "beneficiary_country_of_birth": "India",
  "beneficiary_country_of_citizenship": "India",
  "rfe_issued": false,
  "noid_issued": false,
  "cell_cited": false,
  "criteria_claimed_count": 1,
  "high_salary_claimed": "Y",
  "filing_date": "2023-08-17"
}

=== PROCESSING PETITION_2 (amended/duplicate) ===
[petition] Page 1 → sending...
[petition] Page 1 done (8.5s)
[petition] Page 1 → Found: ['petition_type', 'service_center_or_field_office', 'premium_processing', 'employer_sponsored', 'self_petition', 'beneficiary_industry', 'endeavor_field']
[petition] Page 2 → sending...
[petition] Page 2 done (7.8s)
[petition] Page 2 → Found: ['premium_processing']
[petition] Page 3 → sending...
[petition] Page 3 done (11.0s)
[petition] Page 3 → Found: ['premium_processing']
[petition] Page 4 → sending...
[petition] Page 4 done (12.4s)
[petition] Page 4 → Found: ['premium_processing']
[petition] Page 5 → sending...
[petition] Page 5 done (8.0s)
[petition] Page 5 → Found: ['premium_processing']
[petition] Page 6 → sending...
[petition] Page 6 done (12.0s)
[petition] Page 6 → Found: ['premium_processing', 'employer_sponsored', 'self_petition', 'rfe_issued', 'noid_issued']
[petition] Page 7 → sending...
[petition] Page 7 done (11.3s)
[petition] Page 7 → Found: ['premium_processing']
[petition] Page 8 → sending...
[petition] Page 8 done (6.5s)
[petition] Page 8 → Found: ['petition_type', 'premium_processing', 'employer_sponsored', 'self_petition']
[petition] Page 9 → sending...
[petition] Page 9 done (8.8s)
[petition] Page 9 → Found: ['premium_processing']
[petition] Page 10 → sending...
[petition] Page 10 done (8.6s)
[petition] Page 10 → Found: ['premium_processing']
[petition] Page 11 → sending...
[petition] Page 11 done (8.3s)
[petition] Page 11 → Found: ['premium_processing']
[petition] Page 12 → sending...
[petition] Page 12 done (7.6s)
[petition] Page 12 → Found: ['premium_processing']
[petition] Page 13 → sending...
[petition] Page 13 done (7.8s)
[petition] Page 13 → Found: ['premium_processing']
[petition] Page 14 → sending...
[petition] Page 14 done (11.0s)
[petition] Page 14 → Found: ['premium_processing', 'employer_sponsored', 'self_petition']
[petition] Page 15 → sending...
[petition] Page 15 done (9.0s)
[petition] Page 15 → Found: ['petition_type', 'premium_processing', 'employer_sponsored', 'self_petition']
[petition] Page 16 → sending...
[petition] Page 16 done (8.8s)
[petition] Page 16 → Found: ['premium_processing', 'employer_sponsored', 'self_petition', 'beneficiary_country_of_birth', 'beneficiary_country_of_citizenship']
[petition] Page 17 → sending...
[petition] Page 17 done (13.7s)
[petition] Page 17 → Found: ['premium_processing', 'employer_sponsored', 'self_petition', 'included_publications']
[petition] Page 18 → sending...
[petition] Page 18 done (8.3s)
[petition] Page 18 → Found: ['premium_processing', 'employer_sponsored', 'self_petition']
[petition] Page 19 → sending...
[petition] Page 19 done (8.2s)
[petition] Page 19 → Found: ['premium_processing']
[petition] Page 20 → sending...
[petition] Page 20 done (8.6s)
[petition] Page 20 → Found: ['premium_processing']
[petition] Page 21 → sending...
[petition] Page 21 done (8.7s)
[petition] Page 21 → Found: ['premium_processing']
[petition] Page 22 → sending...
[petition] Page 22 done (8.7s)
[petition] Page 22 → Found: ['decision_date', 'final_outcome', 'denial_basis']
[petition] Page 23 → sending...
[petition] Page 23 done (8.9s)
[petition] Page 23 → Found: ['petition_type', 'premium_processing', 'employer_sponsored', 'self_petition']
[petition] Page 24 → sending...
[petition] Page 24 done (9.3s)
[petition] Page 24 → Found: ['premium_processing', 'employer_sponsored', 'self_petition', 'noid_issued', 'noid_basis']
[petition] Page 25 → sending...
[petition] Page 25 done (8.0s)
[petition] Page 25 → Found: ['premium_processing', 'employer_sponsored', 'self_petition']
[petition] Page 26 → sending...
[petition] Page 26 done (6.2s)
[petition] Page 26 → Found: ['petition_type', 'filing_date', 'service_center_or_field_office', 'employer_sponsored', 'self_petition', 'beneficiary_industry']
[petition] Page 27 → sending...
[petition] Page 27 done (8.0s)
[petition] Page 27 → Found: ['premium_processing', 'employer_sponsored', 'self_petition', 'beneficiary_industry']
[petition] Page 28 → sending...
[petition] Page 28 done (8.1s)
[petition] Page 28 → Found: ['premium_processing', 'employer_sponsored', 'self_petition', 'beneficiary_industry']
[petition] Page 29 → sending...
[petition] Page 29 done (7.7s)
[petition] Page 29 → Found: ['premium_processing', 'employer_sponsored', 'self_petition', 'beneficiary_industry']
[petition] Page 30 → sending...
[petition] Page 30 done (8.8s)
[petition] Page 30 → Found: ['petition_type', 'filing_date', 'premium_processing', 'employer_sponsored', 'self_petition', 'beneficiary_industry', 'publications_included', 'basis_for_application', 'included_publications']
[petition] Page 31 → sending...
[petition] Page 31 done (8.3s)
[petition] Page 31 → Found: ['premium_processing', 'employer_sponsored', 'self_petition', 'beneficiary_industry']
[petition] Page 32 → sending...
[petition] Page 32 done (8.0s)
[petition] Page 32 → Found: ['premium_processing']
[petition] Page 33 → sending...
[petition] Page 33 done (9.0s)
[petition] Page 33 → Found: ['petition_type', 'premium_processing', 'employer_sponsored', 'self_petition', 'beneficiary_industry', 'criteria_claimed_count', 'major_award_claimed', 'basis_for_application']
[petition] Page 34 → sending...
[petition] Page 34 done (5.5s)
[petition] Page 34 → Found: ['premium_processing']
[petition] Page 35 → sending...
[petition] Page 35 done (8.0s)
[petition] Page 35 → Found: ['premium_processing', 'major_award_claimed']
[petition] Page 36 → sending...
[petition] Page 36 done (8.3s)
[petition] Page 36 → Found: ['premium_processing', 'employer_sponsored', 'self_petition', 'included_publications', 'publication_type']
[petition] Page 37 → sending...
[petition] Page 37 done (8.4s)
[petition] Page 37 → Found: ['premium_processing', 'publications_included', 'included_publications', 'publication_type']
[petition] Page 38 → sending...
[petition] Page 38 done (8.1s)
[petition] Page 38 → Found: ['premium_processing', 'included_publications']
[petition] Page 39 → sending...
[petition] Page 39 done (5.6s)
[petition] Page 39 → Found: ['judging_others_work_claimed']
[petition] Page 40 → sending...
[petition] Page 40 done (8.6s)
[petition] Page 40 → Found: ['premium_processing', 'beneficiary_industry', 'publications_included', 'judging_others_work_claimed', 'evidence_of_positioning_present', 'included_publications', 'publication_type']
[petition] Page 41 → sending...
[petition] Page 41 done (8.1s)
[petition] Page 41 → Found: ['premium_processing', 'judging_others_work_claimed']
[petition] Page 42 → sending...
[petition] Page 42 done (8.1s)
[petition] Page 42 → Found: ['premium_processing', 'beneficiary_industry', 'included_publications']
[petition] Page 43 → sending...
[petition] Page 43 done (8.1s)
[petition] Page 43 → Found: ['beneficiary_industry', 'publications_included', 'included_publications', 'publication_type']
[petition] Page 44 → sending...
[petition] Page 44 done (8.1s)
[petition] Page 44 → Found: ['premium_processing', 'employer_sponsored', 'self_petition', 'beneficiary_industry', 'publications_included', 'included_publications', 'publication_type']
[petition] Page 45 → sending...
[petition] Page 45 done (8.1s)
[petition] Page 45 → Found: ['premium_processing', 'employer_sponsored', 'self_petition', 'beneficiary_industry', 'high_salary_claimed']
[petition] Page 46 → sending...
[petition] Page 46 done (8.4s)
[petition] Page 46 → Found: ['premium_processing', 'employer_sponsored', 'self_petition', 'beneficiary_industry', 'high_salary_claimed']
[petition] Page 47 → sending...
[petition] Page 47 done (8.2s)
[petition] Page 47 → Found: ['premium_processing']
[petition] Page 48 → sending...
[petition] Page 48 done (8.8s)
[petition] Page 48 → Found: ['petition_type', 'premium_processing', 'employer_sponsored', 'self_petition', 'beneficiary_industry', 'publications_included', 'basis_for_application', 'included_publications', 'publication_type']
[petition] Page 49 → sending...
[petition] Page 49 done (8.1s)
[petition] Page 49 → Found: ['premium_processing', 'included_publications']
[petition] Page 50 → sending...
[petition] Page 50 done (8.1s)
[petition] Page 50 → Found: ['premium_processing', 'final_merits_determination']
[petition] Page 51 → sending...
[petition] Page 51 done (8.7s)
[petition] Page 51 → Found: ['petition_type', 'premium_processing', 'employer_sponsored', 'self_petition', 'beneficiary_industry', 'criteria_claimed_count', 'major_award_claimed', 'publications_included', 'judging_others_work_claimed', 'high_salary_claimed', 'basis_for_application', 'included_publications']
[petition] Page 52 → sending...
[petition] Page 52 done (7.8s)
[petition] Page 52 → Found: ['premium_processing']
[petition] Page 53 → sending...
[petition] Page 53 done (9.8s)
[petition] Page 53 → Found: ['premium_processing']
[petition] Page 54 → sending...
[petition] Page 54 done (8.0s)
[petition] Page 54 → Found: ['premium_processing']
[petition] Page 55 → sending...
[petition] Page 55 done (7.8s)
[petition] Page 55 → Found: ['premium_processing']
[petition] Page 56 → sending...
[petition] Page 56 done (7.6s)
[petition] Page 56 → Found: ['premium_processing']
[petition] Page 57 → sending...
[petition] Page 57 done (9.4s)
[petition] Page 57 → Found: ['premium_processing', 'employer_sponsored', 'self_petition']
[petition] Page 58 → sending...
[petition] Page 58 done (9.0s)
[petition] Page 58 → Found: ['premium_processing']
[petition] Page 59 → sending...
[petition] Page 59 done (10.3s)
[petition] Page 59 → Found: ['premium_processing']
[petition] Page 60 → sending...
[petition] Page 60 done (7.9s)
[petition] Page 60 → Found: ['premium_processing']
[petition] Page 61 → sending...
[petition] Page 61 done (9.1s)
[petition] Page 61 → Found: ['premium_processing']
[petition] Page 62 → sending...
[petition] Page 62 done (7.8s)
[petition] Page 62 → Found: ['premium_processing']
[petition] Page 63 → sending...
[petition] Page 63 done (8.0s)
[petition] Page 63 → No useful fields
[petition] Page 64 → sending...
[petition] Page 64 done (7.9s)
[petition] Page 64 → Found: ['premium_processing']
[petition] Page 65 → sending...
[petition] Page 65 done (7.8s)
[petition] Page 65 → Found: ['premium_processing']
[petition] Page 66 → sending...
[petition] Page 66 done (7.8s)
[petition] Page 66 → Found: ['premium_processing']
[petition] Page 67 → sending...
[petition] Page 67 done (7.7s)
[petition] Page 67 → Found: ['premium_processing']
[petition] Page 68 → sending...
[petition] Page 68 done (7.9s)
[petition] Page 68 → Found: ['premium_processing']
[petition] Page 69 → sending...
[petition] Page 69 done (7.8s)
[petition] Page 69 → Found: ['premium_processing']
[petition] Page 70 → sending...
[petition] Page 70 done (7.8s)
[petition] Page 70 → Found: ['premium_processing']
[petition] Page 71 → sending...
[petition] Page 71 done (7.9s)
[petition] Page 71 → Found: ['premium_processing']
[petition] Page 72 → sending...
[petition] Page 72 done (8.1s)
[petition] Page 72 → Found: ['premium_processing']
[petition] Page 73 → sending...
[petition] Page 73 done (9.9s)
[petition] Page 73 → Found: ['premium_processing']
[petition] Page 74 → sending...
[petition] Page 74 done (7.8s)
[petition] Page 74 → Found: ['premium_processing']
[petition] Page 75 → sending...
[petition] Page 75 done (7.9s)
[petition] Page 75 → Found: ['premium_processing']
[petition] Page 76 → sending...
[petition] Page 76 done (7.8s)
[petition] Page 76 → Found: ['premium_processing']
[petition] Page 77 → sending...
[petition] Page 77 done (9.9s)
[petition] Page 77 → Found: ['premium_processing']
[petition] Page 78 → sending...
[petition] Page 78 done (7.9s)
[petition] Page 78 → Found: ['premium_processing']
[petition] Page 79 → sending...
[petition] Page 79 done (7.9s)
[petition] Page 79 → Found: ['premium_processing']
[petition] Page 80 → sending...
[petition] Page 80 done (7.8s)
[petition] Page 80 → Found: ['premium_processing']
[petition] Page 81 → sending...
[petition] Page 81 done (7.8s)
[petition] Page 81 → Found: ['premium_processing']
[petition] Page 82 → sending...
[petition] Page 82 done (7.9s)
[petition] Page 82 → Found: ['premium_processing', 'included_publications']
[petition] Page 83 → sending...
[petition] Page 83 done (7.7s)
[petition] Page 83 → Found: ['premium_processing', 'included_publications']
[petition] Page 84 → sending...
[petition] Page 84 done (8.2s)
[petition] Page 84 → Found: ['premium_processing']
[petition] Page 85 → sending...
[petition] Page 85 done (5.6s)
[petition] Page 85 → Found: ['premium_processing']
[petition] Page 86 → sending...
[petition] Page 86 done (8.2s)
[petition] Page 86 → Found: ['premium_processing']
[petition] Page 87 → sending...
[petition] Page 87 done (8.3s)
[petition] Page 87 → Found: ['premium_processing']
[petition] Page 88 → sending...
[petition] Page 88 done (10.4s)
[petition] Page 88 → Found: ['premium_processing']
[petition] Page 89 → sending...
[petition] Page 89 done (8.2s)
[petition] Page 89 → Found: ['premium_processing']
[petition] Page 90 → sending...
[petition] Page 90 done (8.1s)
[petition] Page 90 → Found: ['premium_processing']
[petition] Page 91 → sending...
[petition] Page 91 done (8.3s)
[petition] Page 91 → Found: ['premium_processing']
[petition] Page 92 → sending...
[petition] Page 92 done (8.3s)
[petition] Page 92 → Found: ['premium_processing']
[petition] Page 93 → sending...
[petition] Page 93 done (8.2s)
[petition] Page 93 → Found: ['premium_processing']
[petition] Page 94 → sending...
[petition] Page 94 done (10.6s)
[petition] Page 94 → Found: ['premium_processing']
[petition] Page 95 → sending...
[petition] Page 95 done (8.0s)
[petition] Page 95 → Found: ['premium_processing']
[petition] Page 96 → sending...
[petition] Page 96 done (7.9s)
[petition] Page 96 → Found: ['premium_processing']
[petition] Page 97 → sending...
[petition] Page 97 done (7.9s)
[petition] Page 97 → Found: ['premium_processing']
[petition] Page 98 → sending...
[petition] Page 98 done (8.2s)
[petition] Page 98 → Found: ['premium_processing']
[petition] Page 99 → sending...
[petition] Page 99 done (7.9s)
[petition] Page 99 → No useful fields
[petition] Page 100 → sending...
[petition] Page 100 done (10.3s)
[petition] Page 100 → Found: ['premium_processing']
[petition] Page 101 → sending...
[petition] Page 101 done (7.7s)
[petition] Page 101 → Found: ['premium_processing']
[petition] Page 102 → sending...
[petition] Page 102 done (8.0s)
[petition] Page 102 → Found: ['premium_processing']
[petition] Page 103 → sending...
[petition] Page 103 done (8.2s)
[petition] Page 103 → Found: ['premium_processing']
[petition] Page 104 → sending...
[petition] Page 104 done (8.4s)
[petition] Page 104 → Found: ['premium_processing']
[petition] Page 105 → sending...
[petition] Page 105 done (7.5s)
[petition] Page 105 → No useful fields
[petition] Page 106 → sending...
[petition] Page 106 done (7.8s)
[petition] Page 106 → Found: ['premium_processing']
[petition] Page 107 → sending...
[petition] Page 107 done (8.1s)
[petition] Page 107 → Found: ['filing_date', 'premium_processing', 'employer_sponsored', 'self_petition', 'beneficiary_industry']
[petition] Page 108 → sending...
[petition] Page 108 done (7.6s)
[petition] Page 108 → Found: ['premium_processing']
[petition] Page 109 → sending...
[petition] Page 109 done (9.8s)
[petition] Page 109 → Found: ['premium_processing']
[petition] Page 110 → sending...
[petition] Page 110 done (10.0s)
[petition] Page 110 → Found: ['premium_processing']
[petition] Page 111 → sending...
[petition] Page 111 done (7.6s)
[petition] Page 111 → Found: ['premium_processing']
[petition] Page 112 → sending...
[petition] Page 112 done (7.9s)
[petition] Page 112 → Found: ['premium_processing', 'employer_sponsored', 'self_petition']
[petition] Page 113 → sending...
[petition] Page 113 done (7.6s)
[petition] Page 113 → Found: ['premium_processing']
[petition] Page 114 → sending...
[petition] Page 114 done (9.8s)
[petition] Page 114 → Found: ['premium_processing', 'employer_sponsored', 'self_petition']
[petition] Page 115 → sending...
[petition] Page 115 done (7.8s)
[petition] Page 115 → Found: ['premium_processing', 'beneficiary_industry']
[petition] Page 116 → sending...
[petition] Page 116 done (7.9s)
[petition] Page 116 → Found: ['premium_processing']
[petition] Page 117 → sending...
[petition] Page 117 done (8.4s)
[petition] Page 117 → Found: ['filing_date', 'premium_processing', 'employer_sponsored', 'self_petition', 'beneficiary_industry']
[petition] Page 118 → sending...
[petition] Page 118 done (8.0s)
[petition] Page 118 → Found: ['premium_processing', 'beneficiary_industry']
[petition] Page 119 → sending...
[petition] Page 119 done (11.3s)
[petition] Page 119 → Parse error
[petition] Page 120 → sending...
[petition] Page 120 done (7.9s)
[petition] Page 120 → Found: ['premium_processing', 'included_publications', 'publication_type']
[petition] Page 121 → sending...
[petition] Page 121 done (7.8s)
[petition] Page 121 → Found: ['premium_processing']
[petition] Page 122 → sending...
[petition] Page 122 done (7.9s)
[petition] Page 122 → Found: ['premium_processing', 'employer_sponsored', 'self_petition']
[petition] Page 123 → sending...
[petition] Page 123 done (7.9s)
[petition] Page 123 → Found: ['premium_processing', 'employer_sponsored', 'self_petition']
[petition] Page 124 → sending...
[petition] Page 124 done (7.8s)
[petition] Page 124 → Found: ['premium_processing']
[petition] Page 125 → sending...
[petition] Page 125 done (7.9s)
[petition] Page 125 → Found: ['premium_processing']
[petition] Page 126 → sending...
[petition] Page 126 done (7.8s)
[petition] Page 126 → No useful fields
[petition] Page 127 → sending...
[petition] Page 127 done (9.8s)
[petition] Page 127 → Found: ['premium_processing']
[petition] Page 128 → sending...
[petition] Page 128 done (8.0s)
[petition] Page 128 → Found: ['premium_processing']
[petition] Page 129 → sending...
[petition] Page 129 done (9.8s)
[petition] Page 129 → Found: ['premium_processing']
[petition] Page 130 → sending...
[petition] Page 130 done (10.5s)
[petition] Page 130 → Found: ['premium_processing']
[petition] Page 131 → sending...
[petition] Page 131 done (7.7s)
[petition] Page 131 → Found: ['premium_processing']
[petition] Page 132 → sending...
[petition] Page 132 done (7.6s)
[petition] Page 132 → Found: ['premium_processing']
[petition] Page 133 → sending...
[petition] Page 133 done (7.5s)
[petition] Page 133 → No useful fields
[petition] Page 134 → sending...
[petition] Page 134 done (9.7s)
[petition] Page 134 → Found: ['premium_processing']
[petition] Page 135 → sending...
[petition] Page 135 done (9.5s)
[petition] Page 135 → Found: ['premium_processing']
[petition] Page 136 → sending...
[petition] Page 136 done (8.8s)
[petition] Page 136 → Found: ['premium_processing']
[petition] Page 137 → sending...
[petition] Page 137 done (9.7s)
[petition] Page 137 → Found: ['premium_processing']
[petition] Page 138 → sending...
[petition] Page 138 done (7.6s)
[petition] Page 138 → Found: ['premium_processing']
[petition] Page 139 → sending...
[petition] Page 139 done (7.6s)
[petition] Page 139 → No useful fields
[petition] Page 140 → sending...
[petition] Page 140 done (7.7s)
[petition] Page 140 → Found: ['premium_processing']
[petition] Page 141 → sending...
[petition] Page 141 done (7.5s)
[petition] Page 141 → Found: ['premium_processing']
[petition] Page 142 → sending...
[petition] Page 142 done (9.8s)
[petition] Page 142 → Found: ['premium_processing']
[petition] Page 143 → sending...
[petition] Page 143 done (8.3s)
[petition] Page 143 → Found: ['premium_processing']
[petition] Page 144 → sending...
[petition] Page 144 done (7.9s)
[petition] Page 144 → Found: ['premium_processing', 'employer_sponsored', 'self_petition']
[petition] Page 145 → sending...
[petition] Page 145 done (8.0s)
[petition] Page 145 → Found: ['premium_processing']
[petition] Page 146 → sending...
[petition] Page 146 done (10.4s)
[petition] Page 146 → Found: ['premium_processing']
[petition] Page 147 → sending...
[petition] Page 147 done (8.0s)
[petition] Page 147 → Found: ['premium_processing']
[petition] Page 148 → sending...
[petition] Page 148 done (10.5s)
[petition] Page 148 → Found: ['premium_processing']
[petition] Page 149 → sending...
[petition] Page 149 done (8.0s)
[petition] Page 149 → Found: ['premium_processing']
[petition] Page 150 → sending...
[petition] Page 150 done (7.8s)
[petition] Page 150 → Found: ['premium_processing']
[petition] Page 151 → sending...
[petition] Page 151 done (7.9s)
[petition] Page 151 → Found: ['premium_processing']
[petition] Page 152 → sending...
[petition] Page 152 done (7.7s)
[petition] Page 152 → Found: ['premium_processing']
[petition] Page 153 → sending...
[petition] Page 153 done (10.0s)
[petition] Page 153 → Found: ['premium_processing']
[petition] Page 154 → sending...
[petition] Page 154 done (8.0s)
[petition] Page 154 → Found: ['premium_processing']
[petition] Page 155 → sending...
[petition] Page 155 done (7.9s)
[petition] Page 155 → No useful fields
[petition] Page 156 → sending...
[petition] Page 156 done (10.1s)
[petition] Page 156 → Found: ['premium_processing']
[petition] Page 157 → sending...
[petition] Page 157 done (8.1s)
[petition] Page 157 → Found: ['premium_processing']
[petition] Page 158 → sending...
[petition] Page 158 done (8.1s)
[petition] Page 158 → Found: ['premium_processing']
[petition] Page 159 → sending...
[petition] Page 159 done (11.0s)
[petition] Page 159 → Found: ['premium_processing', 'beneficiary_industry']
[petition] Page 160 → sending...
[petition] Page 160 done (8.0s)
[petition] Page 160 → Found: ['premium_processing']
[petition] Page 161 → sending...
[petition] Page 161 done (7.8s)
[petition] Page 161 → Found: ['premium_processing']
[petition] Page 162 → sending...
[petition] Page 162 done (7.8s)
[petition] Page 162 → Found: ['premium_processing']
[petition] Page 163 → sending...
[petition] Page 163 done (11.6s)
[petition] Page 163 → Found: ['premium_processing', 'beneficiary_country_of_birth']
[petition] Page 164 → sending...
[petition] Page 164 done (8.0s)
[petition] Page 164 → Found: ['premium_processing', 'employer_sponsored', 'self_petition']
[petition] Page 165 → sending...
[petition] Page 165 done (8.0s)
[petition] Page 165 → Found: ['premium_processing']
[petition] Page 166 → sending...
[petition] Page 166 done (12.1s)
[petition] Page 166 → Found: ['premium_processing']
[petition] Page 167 → sending...
[petition] Page 167 done (8.6s)
[petition] Page 167 → Found: ['premium_processing']
[petition] Page 168 → sending...
[petition] Page 168 done (7.6s)
[petition] Page 168 → Found: ['premium_processing']
[petition] Page 169 → sending...
[petition] Page 169 done (7.8s)
[petition] Page 169 → Found: ['premium_processing']
[petition] Page 170 → sending...
[petition] Page 170 done (8.2s)
[petition] Page 170 → Found: ['premium_processing']
[petition] Page 171 → sending...
[petition] Page 171 done (8.1s)
[petition] Page 171 → Found: ['premium_processing']
[petition] Page 172 → sending...
[petition] Page 172 done (9.3s)
[petition] Page 172 → Found: ['premium_processing']
[petition] Page 173 → sending...
[petition] Page 173 done (8.0s)
[petition] Page 173 → Found: ['premium_processing']
[petition] Page 174 → sending...
[petition] Page 174 done (7.8s)
[petition] Page 174 → Found: ['premium_processing']
[petition] Page 175 → sending...
[petition] Page 175 done (9.6s)
[petition] Page 175 → Found: ['premium_processing']
[petition] Page 176 → sending...
[petition] Page 176 done (9.5s)
[petition] Page 176 → Found: ['premium_processing']
[petition] Page 177 → sending...
[petition] Page 177 done (8.0s)
[petition] Page 177 → Found: ['premium_processing']
[petition] Page 178 → sending...
[petition] Page 178 done (7.9s)
[petition] Page 178 → No useful fields
[petition] Page 179 → sending...
[petition] Page 179 done (9.8s)
[petition] Page 179 → Found: ['premium_processing']
[petition] Page 180 → sending...
[petition] Page 180 done (7.8s)
[petition] Page 180 → No useful fields
[petition] Page 181 → sending...
[petition] Page 181 done (7.9s)
[petition] Page 181 → Found: ['premium_processing']
[petition] Page 182 → sending...
[petition] Page 182 done (10.0s)
[petition] Page 182 → Found: ['premium_processing']
[petition] Page 183 → sending...
[petition] Page 183 done (8.1s)
[petition] Page 183 → Found: ['premium_processing']
[petition] Page 184 → sending...
[petition] Page 184 done (7.8s)
[petition] Page 184 → Found: ['premium_processing']
[petition] Page 185 → sending...
[petition] Page 185 done (7.8s)
[petition] Page 185 → Found: ['premium_processing']
[petition] Page 186 → sending...
[petition] Page 186 done (7.8s)
[petition] Page 186 → Found: ['premium_processing']
[petition] Page 187 → sending...
[petition] Page 187 done (9.4s)
[petition] Page 187 → No useful fields
[petition] Page 188 → sending...
[petition] Page 188 done (8.0s)
[petition] Page 188 → Found: ['premium_processing']
[petition] Page 189 → sending...
[petition] Page 189 done (7.7s)
[petition] Page 189 → Found: ['premium_processing']
[petition] Page 190 → sending...
[petition] Page 190 done (7.9s)
[petition] Page 190 → Found: ['premium_processing']
[petition] Page 191 → sending...
[petition] Page 191 done (10.3s)
[petition] Page 191 → Found: ['premium_processing']
[petition] Page 192 → sending...
[petition] Page 192 done (9.9s)
[petition] Page 192 → Found: ['premium_processing']
[petition] Page 193 → sending...
[petition] Page 193 done (9.8s)
[petition] Page 193 → Found: ['premium_processing']
[petition] Page 194 → sending...
[petition] Page 194 done (9.8s)
[petition] Page 194 → Found: ['premium_processing', 'beneficiary_industry']
[petition] Page 195 → sending...
[petition] Page 195 done (8.1s)
[petition] Page 195 → Found: ['premium_processing', 'employer_sponsored', 'self_petition']
[petition] Page 196 → sending...
[petition] Page 196 done (7.7s)
[petition] Page 196 → Found: ['premium_processing']
[petition] Page 197 → sending...
[petition] Page 197 done (7.8s)
[petition] Page 197 → Found: ['premium_processing']
[petition] Page 198 → sending...
[petition] Page 198 done (7.9s)
[petition] Page 198 → Found: ['premium_processing']
[petition] Page 199 → sending...
[petition] Page 199 done (8.0s)
[petition] Page 199 → Found: ['premium_processing']
[petition] Page 200 → sending...
[petition] Page 200 done (7.9s)
[petition] Page 200 → Found: ['premium_processing']
[petition] Page 201 → sending...
[petition] Page 201 done (9.4s)
[petition] Page 201 → Found: ['premium_processing']
[petition] Page 202 → sending...
[petition] Page 202 done (9.7s)
[petition] Page 202 → Found: ['premium_processing', 'employer_sponsored', 'self_petition']
[petition] Page 203 → sending...
[petition] Page 203 done (7.7s)
[petition] Page 203 → Found: ['premium_processing']
[petition] Page 204 → sending...
[petition] Page 204 done (9.8s)
[petition] Page 204 → Found: ['premium_processing']
[petition] Page 205 → sending...
[petition] Page 205 done (7.9s)
[petition] Page 205 → Found: ['premium_processing']
[petition] Page 206 → sending...
[petition] Page 206 done (7.7s)
[petition] Page 206 → Found: ['premium_processing']
[petition] Page 207 → sending...
[petition] Page 207 done (9.8s)
[petition] Page 207 → Found: ['premium_processing']
[petition] Page 208 → sending...
[petition] Page 208 done (7.6s)
[petition] Page 208 → Found: ['premium_processing']
[petition] Page 209 → sending...
[petition] Page 209 done (7.8s)
[petition] Page 209 → Found: ['premium_processing']
[petition] Page 210 → sending...
[petition] Page 210 done (8.2s)
[petition] Page 210 → Found: ['premium_processing', 'employer_sponsored', 'self_petition']
[petition] Page 211 → sending...
[petition] Page 211 done (7.9s)
[petition] Page 211 → Found: ['premium_processing']
[petition] Page 212 → sending...
[petition] Page 212 done (9.3s)
[petition] Page 212 → Found: ['premium_processing']
[petition] Page 213 → sending...
[petition] Page 213 done (7.7s)
[petition] Page 213 → Found: ['premium_processing']
[petition] Page 214 → sending...
[petition] Page 214 done (9.6s)
[petition] Page 214 → Found: ['premium_processing']
[petition] Page 215 → sending...
[petition] Page 215 done (8.0s)
[petition] Page 215 → Found: ['premium_processing']
[petition] Page 216 → sending...
[petition] Page 216 done (8.0s)
[petition] Page 216 → Found: ['premium_processing']
[petition] Page 217 → sending...
[petition] Page 217 done (8.0s)
[petition] Page 217 → Found: ['premium_processing']
[petition] Page 218 → sending...
[petition] Page 218 done (7.9s)
[petition] Page 218 → Found: ['premium_processing']
[petition] Page 219 → sending...
[petition] Page 219 done (10.0s)
[petition] Page 219 → Found: ['premium_processing']
[petition] Page 220 → sending...
[petition] Page 220 done (7.9s)
[petition] Page 220 → Found: ['premium_processing']
[petition] Page 221 → sending...
[petition] Page 221 done (10.1s)
[petition] Page 221 → Found: ['premium_processing']
[petition] Page 222 → sending...
[petition] Page 222 done (8.0s)
[petition] Page 222 → Found: ['premium_processing']
[petition] Page 223 → sending...
[petition] Page 223 done (9.7s)
[petition] Page 223 → Found: ['premium_processing']
[petition] Page 224 → sending...
[petition] Page 224 done (7.8s)
[petition] Page 224 → Found: ['premium_processing']
[petition] Page 225 → sending...
[petition] Page 225 done (7.9s)
[petition] Page 225 → Found: ['premium_processing']
[petition] Page 226 → sending...
[petition] Page 226 done (7.8s)
[petition] Page 226 → Found: ['premium_processing']
[petition] Page 227 → sending...
[petition] Page 227 done (7.7s)
[petition] Page 227 → Found: ['premium_processing']
[petition] Page 228 → sending...
[petition] Page 228 done (7.8s)
[petition] Page 228 → Found: ['premium_processing']
[petition] Page 229 → sending...
[petition] Page 229 done (9.5s)
[petition] Page 229 → Found: ['premium_processing']
[petition] Page 230 → sending...
[petition] Page 230 done (9.5s)
[petition] Page 230 → Found: ['premium_processing']
[petition] Page 231 → sending...
[petition] Page 231 done (10.4s)
[petition] Page 231 → Found: ['premium_processing']
[petition] Page 232 → sending...
[petition] Page 232 done (7.8s)
[petition] Page 232 → Found: ['premium_processing']
[petition] Page 233 → sending...
[petition] Page 233 done (7.6s)
[petition] Page 233 → No useful fields
[petition] Page 234 → sending...
[petition] Page 234 done (7.9s)
[petition] Page 234 → Found: ['premium_processing']
[petition] Page 235 → sending...
[petition] Page 235 done (7.7s)
[petition] Page 235 → Found: ['premium_processing']
[petition] Page 236 → sending...
[petition] Page 236 done (7.8s)
[petition] Page 236 → Found: ['premium_processing']
[petition] Page 237 → sending...
[petition] Page 237 done (7.9s)
[petition] Page 237 → Found: ['premium_processing']
[petition] Page 238 → sending...
[petition] Page 238 done (10.2s)
[petition] Page 238 → Found: ['premium_processing']
[petition] Page 239 → sending...
[petition] Page 239 done (10.2s)
[petition] Page 239 → No useful fields
[petition] Page 240 → sending...
[petition] Page 240 done (8.4s)
[petition] Page 240 → Found: ['premium_processing']
[petition] Page 241 → sending...
[petition] Page 241 done (10.5s)
[petition] Page 241 → Found: ['premium_processing']
[petition] Page 242 → sending...
[petition] Page 242 done (8.1s)
[petition] Page 242 → Found: ['premium_processing']
[petition] Page 243 → sending...
[petition] Page 243 done (8.0s)
[petition] Page 243 → Found: ['premium_processing']
[petition] Page 244 → sending...
[petition] Page 244 done (10.7s)
[petition] Page 244 → Found: ['premium_processing']
[petition] Page 245 → sending...
[petition] Page 245 done (7.7s)
[petition] Page 245 → Found: ['premium_processing']
[petition] Page 246 → sending...
[petition] Page 246 done (7.9s)
[petition] Page 246 → Found: ['premium_processing']
[petition] Page 247 → sending...
[petition] Page 247 done (7.9s)
[petition] Page 247 → Found: ['premium_processing']
[petition] Page 248 → sending...
[petition] Page 248 done (7.9s)
[petition] Page 248 → Found: ['premium_processing']
[petition] Page 249 → sending...
[petition] Page 249 done (8.0s)
[petition] Page 249 → Found: ['premium_processing']
[petition] Page 250 → sending...
[petition] Page 250 done (11.5s)
[petition] Page 250 → Found: ['premium_processing']
[petition] Page 251 → sending...
[petition] Page 251 done (7.8s)
[petition] Page 251 → Found: ['premium_processing', 'employer_sponsored', 'self_petition']
[petition] Page 252 → sending...
[petition] Page 252 done (7.8s)
[petition] Page 252 → Found: ['premium_processing']
[petition] Page 253 → sending...
[petition] Page 253 done (8.1s)
[petition] Page 253 → Found: ['premium_processing']
[petition] Page 254 → sending...
[petition] Page 254 done (9.1s)
[petition] Page 254 → Found: ['premium_processing']
[petition] Page 255 → sending...
[petition] Page 255 done (8.2s)
[petition] Page 255 → Found: ['premium_processing']
[petition] Page 256 → sending...
[petition] Page 256 done (7.8s)
[petition] Page 256 → Found: ['premium_processing']
[petition] Page 257 → sending...
[petition] Page 257 done (7.9s)
[petition] Page 257 → No useful fields
[petition] Page 258 → sending...
[petition] Page 258 done (7.9s)
[petition] Page 258 → Found: ['premium_processing', 'employer_sponsored', 'self_petition']
[petition] Page 259 → sending...
[petition] Page 259 done (8.0s)
[petition] Page 259 → Found: ['premium_processing']
[petition] Page 260 → sending...
[petition] Page 260 done (8.1s)
[petition] Page 260 → Found: ['premium_processing']
[petition] Page 261 → sending...
[petition] Page 261 done (9.9s)
[petition] Page 261 → No useful fields
[petition] Page 262 → sending...
[petition] Page 262 done (7.9s)
[petition] Page 262 → Found: ['premium_processing']
[petition] Page 263 → sending...
[petition] Page 263 done (7.9s)
[petition] Page 263 → Found: ['premium_processing']
[petition] Page 264 → sending...
[petition] Page 264 done (8.2s)
[petition] Page 264 → Found: ['premium_processing']
[petition] Page 265 → sending...
[petition] Page 265 done (10.3s)
[petition] Page 265 → Found: ['premium_processing']
[petition] Page 266 → sending...
[petition] Page 266 done (9.6s)
[petition] Page 266 → Found: ['premium_processing', 'employer_sponsored', 'self_petition', 'rfe_issued', 'noid_issued', 'included_publications', 'cell_cited']
[petition] Page 267 → sending...
[petition] Page 267 done (9.6s)
[petition] Page 267 → Found: ['premium_processing']
[petition] Page 268 → sending...
[petition] Page 268 done (10.8s)
[petition] Page 268 → Found: ['premium_processing']
[petition] Page 269 → sending...
[petition] Page 269 done (10.7s)
[petition] Page 269 → Found: ['premium_processing']
[petition] Page 270 → sending...
[petition] Page 270 done (9.8s)
[petition] Page 270 → Found: ['premium_processing']
[petition] Page 271 → sending...
[petition] Page 271 done (10.0s)
[petition] Page 271 → Found: ['premium_processing']
[petition] Page 272 → sending...
[petition] Page 272 done (10.1s)
[petition] Page 272 → Found: ['premium_processing']
[petition] Page 273 → sending...
[petition] Page 273 done (9.7s)
[petition] Page 273 → Found: ['premium_processing']
[petition] Page 274 → sending...
[petition] Page 274 done (9.9s)
[petition] Page 274 → Found: ['premium_processing']
[petition] Page 275 → sending...
[petition] Page 275 done (9.7s)
[petition] Page 275 → Found: ['premium_processing']
[petition] Page 276 → sending...
[petition] Page 276 done (9.5s)
[petition] Page 276 → Found: ['premium_processing']
[petition] Page 277 → sending...
[petition] Page 277 done (10.2s)
[petition] Page 277 → Found: ['premium_processing']
[petition] Page 278 → sending...
[petition] Page 278 done (8.3s)
[petition] Page 278 → Found: ['premium_processing']
[petition] Page 279 → sending...
[petition] Page 279 done (7.9s)
[petition] Page 279 → Found: ['premium_processing']
[petition] Page 280 → sending...
[petition] Page 280 done (9.8s)
[petition] Page 280 → No useful fields
[petition] Page 281 → sending...
[petition] Page 281 done (8.0s)
[petition] Page 281 → Found: ['premium_processing']
[petition] Page 282 → sending...
[petition] Page 282 done (8.2s)
[petition] Page 282 → Found: ['premium_processing']
[petition] Page 283 → sending...
[petition] Page 283 done (8.1s)
[petition] Page 283 → Found: ['premium_processing']
[petition] Page 284 → sending...
[petition] Page 284 done (7.7s)
[petition] Page 284 → Found: ['premium_processing']
[petition] Page 285 → sending...
[petition] Page 285 done (8.1s)
[petition] Page 285 → Found: ['premium_processing']
[petition] Page 286 → sending...
[petition] Page 286 done (7.8s)
[petition] Page 286 → Found: ['premium_processing']
[petition] Page 287 → sending...
[petition] Page 287 done (7.8s)
[petition] Page 287 → Found: ['premium_processing']
[petition] Page 288 → sending...
[petition] Page 288 done (8.1s)
[petition] Page 288 → Found: ['premium_processing']
[petition] Page 289 → sending...
[petition] Page 289 done (7.5s)
[petition] Page 289 → Found: ['premium_processing']
[petition] Page 290 → sending...
[petition] Page 290 done (7.8s)
[petition] Page 290 → Found: ['premium_processing']
[petition] Page 291 → sending...
[petition] Page 291 done (7.8s)
[petition] Page 291 → Found: ['premium_processing']
[petition] Page 292 → sending...
[petition] Page 292 done (7.7s)
[petition] Page 292 → Found: ['premium_processing']
[petition] Page 293 → sending...
[petition] Page 293 done (7.8s)
[petition] Page 293 → Found: ['premium_processing']
[petition] Page 294 → sending...
[petition] Page 294 done (7.8s)
[petition] Page 294 → Found: ['premium_processing']
[petition] Page 295 → sending...
[petition] Page 295 done (7.6s)
[petition] Page 295 → No useful fields
[petition] Page 296 → sending...
[petition] Page 296 done (8.1s)
[petition] Page 296 → Parse error
[petition] Page 297 → sending...
[petition] Page 297 done (7.8s)
[petition] Page 297 → Found: ['premium_processing', 'criteria_claimed_count', 'high_salary_claimed']
[petition] Page 298 → sending...
[petition] Page 298 done (7.8s)
[petition] Page 298 → Found: ['premium_processing']
[petition] Page 299 → sending...
[petition] Page 299 done (7.9s)
[petition] Page 299 → Found: ['premium_processing', 'employer_sponsored', 'self_petition']
[petition] Page 300 → sending...
[petition] Page 300 done (7.8s)
[petition] Page 300 → Found: ['premium_processing']
[petition] Page 301 → sending...
[petition] Page 301 done (7.9s)
[petition] Page 301 → Found: ['premium_processing']
[petition] Page 302 → sending...
[petition] Page 302 done (7.9s)
[petition] Page 302 → Found: ['premium_processing']
[petition] Page 303 → sending...
[petition] Page 303 done (8.0s)
[petition] Page 303 → Found: ['premium_processing']
[petition] Page 304 → sending...
[petition] Page 304 done (8.1s)
[petition] Page 304 → Found: ['premium_processing']
[petition] Page 305 → sending...
[petition] Page 305 done (7.9s)
[petition] Page 305 → Found: ['included_publications']
[petition] Page 306 → sending...
[petition] Page 306 done (7.9s)
[petition] Page 306 → Found: ['premium_processing', 'included_publications']
[petition] Page 307 → sending...
[petition] Page 307 done (7.8s)
[petition] Page 307 → No useful fields
[petition] Page 308 → sending...
[petition] Page 308 done (7.9s)
[petition] Page 308 → Found: ['premium_processing', 'included_publications']
[petition] Page 309 → sending...
[petition] Page 309 done (7.8s)
[petition] Page 309 → Found: ['premium_processing']
[petition] Page 310 → sending...
[petition] Page 310 done (8.0s)
[petition] Page 310 → Found: ['premium_processing']
[petition] Page 311 → sending...
[petition] Page 311 done (8.0s)
[petition] Page 311 → No useful fields
[petition] Page 312 → sending...
[petition] Page 312 done (8.0s)
[petition] Page 312 → Found: ['premium_processing']
[petition] Page 313 → sending...
[petition] Page 313 done (8.1s)
[petition] Page 313 → No useful fields
[petition] Page 314 → sending...
[petition] Page 314 done (7.9s)
[petition] Page 314 → Found: ['premium_processing', 'included_publications']
[petition] Page 315 → sending...
[petition] Page 315 done (7.9s)
[petition] Page 315 → Found: ['premium_processing']
[petition] Page 316 → sending...
[petition] Page 316 done (7.8s)
[petition] Page 316 → No useful fields
[petition] Page 317 → sending...
[petition] Page 317 done (7.9s)
[petition] Page 317 → Found: ['premium_processing', 'employer_sponsored', 'self_petition']
[petition] Page 318 → sending...
[petition] Page 318 done (8.0s)
[petition] Page 318 → Found: ['premium_processing', 'included_publications']
[petition] Page 319 → sending...
[petition] Page 319 done (7.9s)
[petition] Page 319 → Found: ['premium_processing', 'included_publications']
[petition] Page 320 → sending...
[petition] Page 320 done (8.0s)
[petition] Page 320 → No useful fields
[petition] Page 321 → sending...
[petition] Page 321 done (7.9s)
[petition] Page 321 → Found: ['premium_processing']
[petition] Page 322 → sending...
[petition] Page 322 done (8.0s)
[petition] Page 322 → No useful fields
[petition] Page 323 → sending...
[petition] Page 323 done (7.9s)
[petition] Page 323 → No useful fields
[petition] Page 324 → sending...
[petition] Page 324 done (7.9s)
[petition] Page 324 → No useful fields
[petition] Page 325 → sending...
[petition] Page 325 done (8.0s)
[petition] Page 325 → Found: ['premium_processing']
[petition] Page 326 → sending...
[petition] Page 326 done (8.1s)
[petition] Page 326 → Found: ['premium_processing']
[petition] Page 327 → sending...
[petition] Page 327 done (7.8s)
[petition] Page 327 → Found: ['premium_processing']
[petition] Page 328 → sending...
[petition] Page 328 done (7.8s)
[petition] Page 328 → Found: ['premium_processing', 'included_publications']
[petition] Page 329 → sending...
[petition] Page 329 done (8.0s)
[petition] Page 329 → Found: ['premium_processing']
[petition] Page 330 → sending...
[petition] Page 330 done (8.0s)
[petition] Page 330 → Found: ['premium_processing']
[petition] Page 331 → sending...
[petition] Page 331 done (8.1s)
[petition] Page 331 → Found: ['premium_processing']
[petition] Page 332 → sending...
[petition] Page 332 done (7.8s)
[petition] Page 332 → No useful fields
[petition] Page 333 → sending...
[petition] Page 333 done (7.9s)
[petition] Page 333 → Found: ['premium_processing']
[petition] Page 334 → sending...
[petition] Page 334 done (8.2s)
[petition] Page 334 → No useful fields
[petition] Page 335 → sending...
[petition] Page 335 done (10.8s)
[petition] Page 335 → Found: ['premium_processing']
[petition] Page 336 → sending...
[petition] Page 336 done (9.3s)
[petition] Page 336 → Found: ['premium_processing', 'employer_sponsored', 'self_petition']
[petition] Page 337 → sending...
[petition] Page 337 done (22.0s)
[petition] Page 337 → Found: ['premium_processing']
[petition] Page 338 → sending...
[petition] Page 338 done (8.0s)
[petition] Page 338 → Found: ['premium_processing']
[petition] Page 339 → sending...
[petition] Page 339 done (8.0s)
[petition] Page 339 → No useful fields
[petition] Page 340 → sending...
[petition] Page 340 done (8.1s)
[petition] Page 340 → Found: ['premium_processing']
[petition] Page 341 → sending...
[petition] Page 341 done (7.9s)
[petition] Page 341 → Found: ['premium_processing']
[petition] Page 342 → sending...
[petition] Page 342 done (5.5s)
[petition] Page 342 → Found: ['petition_type', 'premium_processing']
[petition] Page 343 → sending...
[petition] Page 343 done (8.2s)
[petition] Page 343 → Found: ['premium_processing']
[petition] Page 344 → sending...
[petition] Page 344 done (8.1s)
[petition] Page 344 → Found: ['petition_type', 'premium_processing', 'employer_sponsored', 'self_petition', 'beneficiary_industry', 'dhanasar_prong_focus']
[petition] Page 345 → sending...
[petition] Page 345 done (7.9s)
[petition] Page 345 → Found: ['premium_processing']
[petition] Page 346 → sending...
[petition] Page 346 done (8.0s)
[petition] Page 346 → Found: ['premium_processing']
[petition] Page 347 → sending...
[petition] Page 347 done (9.9s)
[petition] Page 347 → Found: ['premium_processing']
[petition] Page 348 → sending...
[petition] Page 348 done (7.9s)
[petition] Page 348 → Found: ['premium_processing']
[petition] Page 349 → sending...
[petition] Page 349 done (8.0s)
[petition] Page 349 → No useful fields
[petition] Page 350 → sending...
[petition] Page 350 done (7.6s)
[petition] Page 350 → Found: ['premium_processing']
[petition] Page 351 → sending...
[petition] Page 351 done (7.6s)
[petition] Page 351 → Found: ['premium_processing']
[petition] Page 352 → sending...
[petition] Page 352 done (8.0s)
[petition] Page 352 → Found: ['premium_processing']
[petition] Page 353 → sending...
[petition] Page 353 done (7.7s)
[petition] Page 353 → Found: ['premium_processing']
[petition] Page 354 → sending...
[petition] Page 354 done (7.5s)
[petition] Page 354 → Found: ['premium_processing', 'employer_sponsored', 'self_petition']
[petition] Page 355 → sending...
[petition] Page 355 done (9.5s)
[petition] Page 355 → Found: ['premium_processing']
[petition] Page 356 → sending...
[petition] Page 356 done (7.7s)
[petition] Page 356 → Found: ['premium_processing']
[petition] Page 357 → sending...
[petition] Page 357 done (8.0s)
[petition] Page 357 → Found: ['premium_processing']
[petition] Page 358 → sending...
[petition] Page 358 done (9.6s)
[petition] Page 358 → Found: ['premium_processing']
[petition] Page 359 → sending...
[petition] Page 359 done (8.8s)
[petition] Page 359 → Found: ['premium_processing']
[petition] Page 360 → sending...
[petition] Page 360 done (10.2s)
[petition] Page 360 → Found: ['premium_processing']
[petition] Page 361 → sending...
[petition] Page 361 done (7.9s)
[petition] Page 361 → No useful fields
[petition] Page 362 → sending...
[petition] Page 362 done (7.7s)
[petition] Page 362 → No useful fields
[petition] Page 363 → sending...
[petition] Page 363 done (7.7s)
[petition] Page 363 → Found: ['premium_processing']
[petition] Page 364 → sending...
[petition] Page 364 done (7.7s)
[petition] Page 364 → No useful fields
[petition] Page 365 → sending...
[petition] Page 365 done (7.6s)
[petition] Page 365 → Found: ['premium_processing']
[petition] Page 366 → sending...
[petition] Page 366 done (7.5s)
[petition] Page 366 → No useful fields
[petition] Page 367 → sending...
[petition] Page 367 done (7.8s)
[petition] Page 367 → Found: ['premium_processing']
[petition] Page 368 → sending...
[petition] Page 368 done (7.7s)
[petition] Page 368 → Found: ['premium_processing']
[petition] Page 369 → sending...
[petition] Page 369 done (9.8s)
[petition] Page 369 → Found: ['premium_processing']
[petition] Page 370 → sending...
[petition] Page 370 done (11.5s)
[petition] Page 370 → Found: ['premium_processing', 'rfe_issued', 'noid_issued']
[petition] Page 371 → sending...
[petition] Page 371 done (7.6s)
[petition] Page 371 → Found: ['premium_processing']
[petition] Page 372 → sending...
[petition] Page 372 done (9.9s)
[petition] Page 372 → Found: ['premium_processing']
[petition] Page 373 → sending...
[petition] Page 373 done (7.5s)
[petition] Page 373 → Found: ['premium_processing']
[petition] Page 374 → sending...
[petition] Page 374 done (9.6s)
[petition] Page 374 → Found: ['premium_processing']
[petition] Page 375 → sending...
[petition] Page 375 done (7.5s)
[petition] Page 375 → Found: ['premium_processing']
[petition] Page 376 → sending...
[petition] Page 376 done (9.7s)
[petition] Page 376 → Found: ['premium_processing', 'employer_sponsored', 'self_petition']
[petition] Page 377 → sending...
[petition] Page 377 done (7.5s)
[petition] Page 377 → Found: ['premium_processing']
[petition] Page 378 → sending...
[petition] Page 378 done (7.8s)
[petition] Page 378 → Found: ['premium_processing']
[petition] Page 379 → sending...
[petition] Page 379 done (7.9s)
[petition] Page 379 → Found: ['premium_processing']
[petition] Page 380 → sending...
[petition] Page 380 done (8.0s)
[petition] Page 380 → Found: ['premium_processing', 'included_publications']
[petition] Page 381 → sending...
[petition] Page 381 done (7.7s)
[petition] Page 381 → Found: ['premium_processing']
[petition] Page 382 → sending...
[petition] Page 382 done (7.8s)
[petition] Page 382 → Found: ['premium_processing']
[petition] Page 383 → sending...
[petition] Page 383 done (7.8s)
[petition] Page 383 → Found: ['premium_processing', 'included_publications', 'cell_cited']
[petition] Page 384 → sending...
[petition] Page 384 done (7.7s)
[petition] Page 384 → Found: ['premium_processing']
[petition] Page 385 → sending...
[petition] Page 385 done (7.8s)
[petition] Page 385 → Found: ['premium_processing']
[petition] Page 386 → sending...
[petition] Page 386 done (7.9s)
[petition] Page 386 → Found: ['premium_processing', 'included_publications']
[petition] Page 387 → sending...
[petition] Page 387 done (7.8s)
[petition] Page 387 → Found: ['premium_processing']
[petition] Page 388 → sending...
[petition] Page 388 done (7.7s)
[petition] Page 388 → Found: ['premium_processing']
[petition] Page 389 → sending...
[petition] Page 389 done (7.8s)
[petition] Page 389 → Found: ['premium_processing', 'included_publications']
[petition] Page 390 → sending...
[petition] Page 390 done (7.7s)
[petition] Page 390 → Found: ['premium_processing', 'included_publications']
[petition] Page 391 → sending...
[petition] Page 391 done (7.7s)
[petition] Page 391 → Found: ['premium_processing']
[petition] Page 392 → sending...
[petition] Page 392 done (7.5s)
[petition] Page 392 → Found: ['premium_processing', 'included_publications', 'cell_cited']
[petition] Page 393 → sending...
[petition] Page 393 done (7.9s)
[petition] Page 393 → Found: ['premium_processing']
[petition] Page 394 → sending...
[petition] Page 394 done (7.9s)
[petition] Page 394 → Found: ['premium_processing']
[petition] Page 395 → sending...
[petition] Page 395 done (7.7s)
[petition] Page 395 → Found: ['premium_processing']
[petition] Page 396 → sending...
[petition] Page 396 done (7.9s)
[petition] Page 396 → Found: ['premium_processing']
[petition] Page 397 → sending...
[petition] Page 397 done (7.8s)
[petition] Page 397 → Found: ['premium_processing']
[petition] Page 398 → sending...
[petition] Page 398 done (8.5s)
[petition] Page 398 → Found: ['premium_processing']
[petition] Page 399 → sending...
[petition] Page 399 done (7.6s)
[petition] Page 399 → Found: ['premium_processing']
[petition] Page 400 → sending...
[petition] Page 400 done (8.0s)
[petition] Page 400 → Found: ['premium_processing']
[petition] Page 401 → sending...
[petition] Page 401 done (7.8s)
[petition] Page 401 → Found: ['premium_processing']
[petition] Page 402 → sending...
[petition] Page 402 done (7.8s)
[petition] Page 402 → Found: ['premium_processing']
[petition] Page 403 → sending...
[petition] Page 403 done (7.8s)
[petition] Page 403 → Found: ['premium_processing']
[petition] Page 404 → sending...
[petition] Page 404 done (7.8s)
[petition] Page 404 → Found: ['premium_processing', 'included_publications']
[petition] Page 405 → sending...
[petition] Page 405 done (7.7s)
[petition] Page 405 → Found: ['premium_processing']
[petition] Page 406 → sending...
[petition] Page 406 done (7.8s)
[petition] Page 406 → Found: ['premium_processing', 'included_publications']
[petition] Page 407 → sending...
[petition] Page 407 done (8.0s)
[petition] Page 407 → Found: ['premium_processing']
[petition] Page 408 → sending...
[petition] Page 408 done (7.6s)
[petition] Page 408 → Found: ['premium_processing', 'included_publications']
[petition] Page 409 → sending...
[petition] Page 409 done (9.7s)
[petition] Page 409 → Found: ['premium_processing']
[petition] Page 410 → sending...
[petition] Page 410 done (10.7s)
[petition] Page 410 → Found: ['premium_processing']
[petition] Page 411 → sending...
[petition] Page 411 done (10.0s)
[petition] Page 411 → Found: ['premium_processing']
[petition] Page 412 → sending...
[petition] Page 412 done (10.5s)
[petition] Page 412 → Found: ['premium_processing']
[petition] Page 413 → sending...
[petition] Page 413 done (10.1s)
[petition] Page 413 → Found: ['premium_processing']
[petition] Page 414 → sending...
[petition] Page 414 done (9.9s)
[petition] Page 414 → No useful fields
[petition] Page 415 → sending...
[petition] Page 415 done (7.8s)
[petition] Page 415 → Found: ['premium_processing']
[petition] Page 416 → sending...
[petition] Page 416 done (7.7s)
[petition] Page 416 → Found: ['premium_processing']
[petition] Page 417 → sending...
[petition] Page 417 done (8.1s)
[petition] Page 417 → No useful fields
[petition] Page 418 → sending...
[petition] Page 418 done (8.1s)
[petition] Page 418 → Found: ['premium_processing']
[petition] Page 419 → sending...
[petition] Page 419 done (7.8s)
[petition] Page 419 → Found: ['premium_processing']
[petition] Page 420 → sending...
[petition] Page 420 done (9.6s)
[petition] Page 420 → Found: ['premium_processing']
[petition] Page 421 → sending...
[petition] Page 421 done (7.5s)
[petition] Page 421 → Found: ['premium_processing']
[petition] Page 422 → sending...
[petition] Page 422 done (7.8s)
[petition] Page 422 → Found: ['premium_processing']
[petition] Page 423 → sending...
[petition] Page 423 done (7.7s)
[petition] Page 423 → Found: ['premium_processing']
[petition] Page 424 → sending...
[petition] Page 424 done (8.0s)
[petition] Page 424 → Found: ['premium_processing']
[petition] Page 425 → sending...
[petition] Page 425 done (10.3s)
[petition] Page 425 → Found: ['premium_processing']
[petition] Page 426 → sending...
[petition] Page 426 done (8.8s)
[petition] Page 426 → Found: ['premium_processing']
[petition] Page 427 → sending...
[petition] Page 427 done (8.2s)
[petition] Page 427 → No useful fields
[petition] Page 428 → sending...
[petition] Page 428 done (7.7s)
[petition] Page 428 → Found: ['premium_processing']
[petition] Page 429 → sending...
[petition] Page 429 done (8.2s)
[petition] Page 429 → Found: ['petition_type', 'premium_processing', 'employer_sponsored', 'self_petition', 'beneficiary_industry']
[petition] Page 430 → sending...
[petition] Page 430 done (8.1s)
[petition] Page 430 → Found: ['premium_processing']
[petition] Page 431 → sending...
[petition] Page 431 done (8.1s)
[petition] Page 431 → Found: ['premium_processing']
[petition] Page 432 → sending...
[petition] Page 432 done (8.0s)
[petition] Page 432 → Found: ['premium_processing']
[petition] Page 433 → sending...
[petition] Page 433 done (8.3s)
[petition] Page 433 → No useful fields
[petition] Page 434 → sending...
[petition] Page 434 done (9.4s)
[petition] Page 434 → Found: ['premium_processing']
[petition] Page 435 → sending...
[petition] Page 435 done (10.3s)
[petition] Page 435 → Found: ['premium_processing']
[petition] Page 436 → sending...
[petition] Page 436 done (7.9s)
[petition] Page 436 → Found: ['premium_processing']
[petition] Page 437 → sending...
[petition] Page 437 done (9.5s)
[petition] Page 437 → Found: ['premium_processing']
[petition] Page 438 → sending...
[petition] Page 438 done (10.2s)
[petition] Page 438 → Found: ['premium_processing']
[petition] Page 439 → sending...
[petition] Page 439 done (8.0s)
[petition] Page 439 → Found: ['premium_processing']
[petition] Page 440 → sending...
[petition] Page 440 done (10.0s)
[petition] Page 440 → Found: ['premium_processing']
[petition] Page 441 → sending...
[petition] Page 441 done (7.9s)
[petition] Page 441 → No useful fields
[petition] Page 442 → sending...
[petition] Page 442 done (7.8s)
[petition] Page 442 → Found: ['premium_processing']
[petition] Page 443 → sending...
[petition] Page 443 done (8.1s)
[petition] Page 443 → Found: ['premium_processing', 'employer_sponsored', 'self_petition', 'beneficiary_industry']
[petition] Page 444 → sending...
[petition] Page 444 done (8.2s)
[petition] Page 444 → Found: ['premium_processing']
[petition] Page 445 → sending...
[petition] Page 445 done (8.4s)
[petition] Page 445 → Found: ['premium_processing']
[petition] Page 446 → sending...
[petition] Page 446 done (8.0s)
[petition] Page 446 → Found: ['premium_processing', 'employer_sponsored', 'self_petition', 'beneficiary_industry']
[petition] Page 447 → sending...
[petition] Page 447 done (8.0s)
[petition] Page 447 → Found: ['premium_processing']
[petition] Page 448 → sending...
[petition] Page 448 done (7.8s)
[petition] Page 448 → Found: ['premium_processing']
[petition] Page 449 → sending...
[petition] Page 449 done (12.2s)
[petition] Page 449 → Found: ['premium_processing', 'employer_sponsored', 'self_petition', 'beneficiary_industry']
[petition] Page 450 → sending...
[petition] Page 450 done (7.7s)
[petition] Page 450 → Found: ['premium_processing']
[petition] Page 451 → sending...
[petition] Page 451 done (7.7s)
[petition] Page 451 → Found: ['premium_processing']
[petition] Page 452 → sending...
[petition] Page 452 done (7.6s)
[petition] Page 452 → Found: ['premium_processing']
[petition] Page 453 → sending...
[petition] Page 453 done (7.7s)
[petition] Page 453 → Found: ['premium_processing']
[petition] Page 454 → sending...
[petition] Page 454 done (7.7s)
[petition] Page 454 → Found: ['premium_processing']
[petition] Page 455 → sending...
[petition] Page 455 done (7.8s)
[petition] Page 455 → Found: ['premium_processing']
[petition] Page 456 → sending...
[petition] Page 456 done (7.9s)
[petition] Page 456 → Found: ['premium_processing']
[petition] Page 457 → sending...
[petition] Page 457 done (8.1s)
[petition] Page 457 → Found: ['premium_processing']
[petition] Page 458 → sending...
[petition] Page 458 done (8.0s)
[petition] Page 458 → Found: ['premium_processing']
[petition] Page 459 → sending...
[petition] Page 459 done (7.6s)
[petition] Page 459 → Found: ['premium_processing']
[petition] Page 460 → sending...
[petition] Page 460 done (7.8s)
[petition] Page 460 → Found: ['premium_processing']
[petition] Page 461 → sending...
[petition] Page 461 done (10.1s)
[petition] Page 461 → Found: ['premium_processing']
[petition] Page 462 → sending...
[petition] Page 462 done (7.5s)
[petition] Page 462 → Found: ['premium_processing']
[petition] Page 463 → sending...
[petition] Page 463 done (12.9s)
[petition] Page 463 → Found: ['premium_processing', 'rfe_issued', 'noid_issued', 'included_publications', 'publication_type']
[petition] Page 464 → sending...
[petition] Page 464 done (9.4s)
[petition] Page 464 → Found: ['premium_processing']
[petition] Page 465 → sending...
[petition] Page 465 done (9.9s)
[petition] Page 465 → Found: ['premium_processing']
[petition] Page 466 → sending...
[petition] Page 466 done (9.5s)
[petition] Page 466 → Found: ['premium_processing']
[petition] Page 467 → sending...
[petition] Page 467 done (7.6s)
[petition] Page 467 → Found: ['premium_processing', 'included_publications', 'cell_cited']
[petition] Page 468 → sending...
[petition] Page 468 done (7.9s)
[petition] Page 468 → Found: ['premium_processing', 'included_publications']
[petition] Page 469 → sending...
[petition] Page 469 done (7.6s)
[petition] Page 469 → Found: ['premium_processing']
[petition] Page 470 → sending...
[petition] Page 470 done (7.6s)
[petition] Page 470 → No useful fields
[petition] Page 471 → sending...
[petition] Page 471 done (7.5s)
[petition] Page 471 → Found: ['premium_processing']
[petition] Page 472 → sending...
[petition] Page 472 done (7.4s)
[petition] Page 472 → Found: ['premium_processing']
[petition] Page 473 → sending...
[petition] Page 473 done (9.7s)
[petition] Page 473 → Found: ['premium_processing']
[petition] Page 474 → sending...
[petition] Page 474 done (7.6s)
[petition] Page 474 → Found: ['premium_processing']
[petition] Page 475 → sending...
[petition] Page 475 done (7.7s)
[petition] Page 475 → Found: ['premium_processing']
[petition] Page 476 → sending...
[petition] Page 476 done (9.5s)
[petition] Page 476 → Found: ['premium_processing']
[petition] Page 477 → sending...
[petition] Page 477 done (10.3s)
[petition] Page 477 → Found: ['premium_processing']
[petition] Page 478 → sending...
[petition] Page 478 done (7.7s)
[petition] Page 478 → Found: ['premium_processing']
[petition] Page 479 → sending...
[petition] Page 479 done (7.3s)
[petition] Page 479 → Found: ['premium_processing']
[petition] Page 480 → sending...
[petition] Page 480 done (7.6s)
[petition] Page 480 → Found: ['premium_processing']
[petition] Page 481 → sending...
[petition] Page 481 done (9.5s)
[petition] Page 481 → Found: ['premium_processing']
[petition] Page 482 → sending...
[petition] Page 482 done (7.7s)
[petition] Page 482 → Found: ['premium_processing']
[petition] Page 483 → sending...
[petition] Page 483 done (9.7s)
[petition] Page 483 → Found: ['premium_processing']
[petition] Page 484 → sending...
[petition] Page 484 done (8.0s)
[petition] Page 484 → Found: ['premium_processing']
[petition] Page 485 → sending...
[petition] Page 485 done (7.4s)
[petition] Page 485 → Found: ['premium_processing']
[petition] Page 486 → sending...
[petition] Page 486 done (8.7s)
[petition] Page 486 → Found: ['premium_processing']
[petition] Page 487 → sending...
[petition] Page 487 done (7.5s)
[petition] Page 487 → Found: ['premium_processing']
[petition] Page 488 → sending...
[petition] Page 488 done (9.5s)
[petition] Page 488 → Found: ['premium_processing']
[petition] Page 489 → sending...
[petition] Page 489 done (9.9s)
[petition] Page 489 → Found: ['premium_processing']
[petition] Page 490 → sending...
[petition] Page 490 done (18.4s)
[petition] Page 490 → Found: ['premium_processing']
[petition] Page 491 → sending...
[petition] Page 491 done (9.5s)
[petition] Page 491 → Found: ['premium_processing']
[petition] Page 492 → sending...
[petition] Page 492 done (9.4s)
[petition] Page 492 → Found: ['premium_processing']
[petition] Page 493 → sending...
[petition] Page 493 done (9.1s)
[petition] Page 493 → Found: ['premium_processing']
[petition] Page 494 → sending...
[petition] Page 494 done (9.5s)
[petition] Page 494 → Found: ['premium_processing']
[petition] Page 495 → sending...
[petition] Page 495 done (9.5s)
[petition] Page 495 → Found: ['premium_processing']
[petition] Page 496 → sending...
[petition] Page 496 done (9.7s)
[petition] Page 496 → Found: ['premium_processing']
[petition] Page 497 → sending...
[petition] Page 497 done (9.6s)
[petition] Page 497 → Found: ['premium_processing']
[petition] Page 498 → sending...
[petition] Page 498 done (11.2s)
[petition] Page 498 → No useful fields
[petition] Page 499 → sending...
[petition] Page 499 done (10.0s)
[petition] Page 499 → No useful fields
[petition] Page 500 → sending...
[petition] Page 500 done (7.8s)
[petition] Page 500 → No useful fields
[petition] Page 501 → sending...
[petition] Page 501 done (8.5s)
[petition] Page 501 → Found: ['premium_processing']
[petition] Page 502 → sending...
[petition] Page 502 done (9.4s)
[petition] Page 502 → Found: ['premium_processing']
[petition] Page 503 → sending...
[petition] Page 503 done (9.5s)
[petition] Page 503 → Found: ['premium_processing']
[petition] Page 504 → sending...
[petition] Page 504 done (9.5s)
[petition] Page 504 → Found: ['premium_processing']
[petition] Page 505 → sending...
[petition] Page 505 done (9.8s)
[petition] Page 505 → Found: ['premium_processing']
[petition] Page 506 → sending...
[petition] Page 506 done (9.6s)
[petition] Page 506 → Found: ['premium_processing']
[petition] Page 507 → sending...
[petition] Page 507 done (9.5s)
[petition] Page 507 → Found: ['premium_processing']
[petition] Page 508 → sending...
[petition] Page 508 done (10.0s)
[petition] Page 508 → Found: ['premium_processing']
[petition] Page 509 → sending...
[petition] Page 509 done (7.6s)
[petition] Page 509 → Found: ['premium_processing']
[petition] Page 510 → sending...
[petition] Page 510 done (7.4s)
[petition] Page 510 → Found: ['premium_processing']
[petition] Page 511 → sending...
[petition] Page 511 done (9.6s)
[petition] Page 511 → Found: ['premium_processing']
[petition] Page 512 → sending...
[petition] Page 512 done (9.6s)
[petition] Page 512 → Found: ['premium_processing']
[petition] Page 513 → sending...
[petition] Page 513 done (7.5s)
[petition] Page 513 → Found: ['premium_processing']
[petition] Page 514 → sending...
[petition] Page 514 done (9.5s)
[petition] Page 514 → Found: ['premium_processing']
[petition] Page 515 → sending...
[petition] Page 515 done (7.8s)
[petition] Page 515 → Found: ['premium_processing']
[petition] Page 516 → sending...
[petition] Page 516 done (10.4s)
[petition] Page 516 → Found: ['premium_processing']
[petition] Page 517 → sending...
[petition] Page 517 done (10.0s)
[petition] Page 517 → Found: ['premium_processing']
[petition] Page 518 → sending...
[petition] Page 518 done (11.8s)
[petition] Page 518 → Found: ['premium_processing']
[petition] Page 519 → sending...
[petition] Page 519 done (9.7s)
[petition] Page 519 → Found: ['premium_processing']
[petition] Page 520 → sending...
[petition] Page 520 done (9.8s)
[petition] Page 520 → Found: ['premium_processing']
[petition] Page 521 → sending...
[petition] Page 521 done (9.6s)
[petition] Page 521 → Found: ['premium_processing']
[petition] Page 522 → sending...
[petition] Page 522 done (9.6s)
[petition] Page 522 → Found: ['premium_processing']
[petition] Page 523 → sending...
[petition] Page 523 done (10.1s)
[petition] Page 523 → Found: ['premium_processing']
[petition] Page 524 → sending...
[petition] Page 524 done (11.1s)
[petition] Page 524 → Found: ['premium_processing']
[petition] Page 525 → sending...
[petition] Page 525 done (9.4s)
[petition] Page 525 → Found: ['premium_processing']
[petition] Page 526 → sending...
[petition] Page 526 done (11.3s)
[petition] Page 526 → Found: ['premium_processing']
[petition] Page 527 → sending...
[petition] Page 527 done (9.1s)
[petition] Page 527 → Found: ['premium_processing']
[petition] Page 528 → sending...
[petition] Page 528 done (10.2s)
[petition] Page 528 → Found: ['premium_processing']
[petition] Page 529 → sending...
[petition] Page 529 done (9.7s)
[petition] Page 529 → Found: ['premium_processing']
[petition] Page 530 → sending...
[petition] Page 530 done (9.7s)
[petition] Page 530 → Found: ['premium_processing']
[petition] Page 531 → sending...
[petition] Page 531 done (9.5s)
[petition] Page 531 → Found: ['premium_processing']
[petition] Page 532 → sending...
[petition] Page 532 done (9.3s)
[petition] Page 532 → Found: ['premium_processing']
[petition] Page 533 → sending...
[petition] Page 533 done (10.1s)
[petition] Page 533 → Found: ['premium_processing']
[petition] Page 534 → sending...
[petition] Page 534 done (10.3s)
[petition] Page 534 → Found: ['premium_processing']
[petition] Page 535 → sending...
[petition] Page 535 done (13.5s)
[petition] Page 535 → Found: ['premium_processing']
[petition] Page 536 → sending...
[petition] Page 536 done (8.3s)
[petition] Page 536 → No useful fields
[petition] Page 537 → sending...
[petition] Page 537 done (10.2s)
[petition] Page 537 → Found: ['premium_processing']
[petition] Page 538 → sending...
[petition] Page 538 done (9.4s)
[petition] Page 538 → Found: ['premium_processing']
[petition] Page 539 → sending...
[petition] Page 539 done (10.1s)
[petition] Page 539 → Found: ['premium_processing']
[petition] Page 540 → sending...
[petition] Page 540 done (9.8s)
[petition] Page 540 → Found: ['premium_processing']
[petition] Page 541 → sending...
[petition] Page 541 done (9.9s)
[petition] Page 541 → Found: ['premium_processing']
[petition] Page 542 → sending...
[petition] Page 542 done (7.8s)
[petition] Page 542 → Found: ['premium_processing']
[petition] Page 543 → sending...
[petition] Page 543 done (9.9s)
[petition] Page 543 → Found: ['premium_processing']
[petition] Page 544 → sending...
[petition] Page 544 done (7.8s)
[petition] Page 544 → Found: ['premium_processing']
[petition] Page 545 → sending...
[petition] Page 545 done (7.6s)
[petition] Page 545 → Found: ['premium_processing']
[petition] Page 546 → sending...
[petition] Page 546 done (10.1s)
[petition] Page 546 → Found: ['premium_processing']
[petition] Page 547 → sending...
[petition] Page 547 done (10.2s)
[petition] Page 547 → Found: ['premium_processing']
[petition] Page 548 → sending...
[petition] Page 548 done (10.2s)
[petition] Page 548 → Found: ['premium_processing']
[petition] Page 549 → sending...
[petition] Page 549 done (9.7s)
[petition] Page 549 → No useful fields
[petition] Page 550 → sending...
[petition] Page 550 done (7.8s)
[petition] Page 550 → No useful fields
[petition] Page 551 → sending...
[petition] Page 551 done (9.8s)
[petition] Page 551 → Found: ['premium_processing']
[petition] Page 552 → sending...
[petition] Page 552 done (7.8s)
[petition] Page 552 → Found: ['premium_processing']
[petition] Page 553 → sending...
[petition] Page 553 done (7.8s)
[petition] Page 553 → Found: ['premium_processing']
[petition] Page 554 → sending...
[petition] Page 554 done (7.7s)
[petition] Page 554 → Found: ['premium_processing']
[petition] Page 555 → sending...
[petition] Page 555 done (8.0s)
[petition] Page 555 → Found: ['premium_processing']
[petition] Page 556 → sending...
[petition] Page 556 done (7.7s)
[petition] Page 556 → Found: ['premium_processing']
[petition] Page 557 → sending...
[petition] Page 557 done (10.0s)
[petition] Page 557 → Found: ['premium_processing']
[petition] Page 558 → sending...
[petition] Page 558 done (9.7s)
[petition] Page 558 → Found: ['premium_processing']
[petition] Page 559 → sending...
[petition] Page 559 done (11.4s)
[petition] Page 559 → Found: ['premium_processing']
[petition] Page 560 → sending...
[petition] Page 560 done (9.2s)
[petition] Page 560 → Found: ['premium_processing']
[petition] Page 561 → sending...
[petition] Page 561 done (9.5s)
[petition] Page 561 → Found: ['premium_processing']
[petition] Page 562 → sending...
[petition] Page 562 done (9.1s)
[petition] Page 562 → No useful fields
[petition] Page 563 → sending...
[petition] Page 563 done (9.9s)
[petition] Page 563 → Found: ['premium_processing']
[petition] Page 564 → sending...
[petition] Page 564 done (7.8s)
[petition] Page 564 → Found: ['premium_processing']
[petition] Page 565 → sending...
[petition] Page 565 done (7.5s)
[petition] Page 565 → Found: ['premium_processing']
[petition] Page 566 → sending...
[petition] Page 566 done (9.8s)
[petition] Page 566 → Found: ['premium_processing']
[petition] Page 567 → sending...
[petition] Page 567 done (9.8s)
[petition] Page 567 → Found: ['premium_processing']
[petition] Page 568 → sending...
[petition] Page 568 done (9.4s)
[petition] Page 568 → Found: ['premium_processing']
[petition] Page 569 → sending...
[petition] Page 569 done (9.9s)
[petition] Page 569 → Found: ['premium_processing']
[petition] Page 570 → sending...
[petition] Page 570 done (9.3s)
[petition] Page 570 → Found: ['premium_processing']
[petition] Page 571 → sending...
[petition] Page 571 done (10.5s)
[petition] Page 571 → Found: ['premium_processing']
[petition] Page 572 → sending...
[petition] Page 572 done (8.2s)
[petition] Page 572 → Found: ['premium_processing']
[petition] Page 573 → sending...
[petition] Page 573 done (9.4s)
[petition] Page 573 → No useful fields
[petition] Page 574 → sending...
[petition] Page 574 done (7.5s)
[petition] Page 574 → Found: ['premium_processing']
[petition] Page 575 → sending...
[petition] Page 575 done (10.2s)
[petition] Page 575 → Found: ['premium_processing']
[petition] Page 576 → sending...
[petition] Page 576 done (10.7s)
[petition] Page 576 → Found: ['premium_processing']
[petition] Page 577 → sending...
[petition] Page 577 done (11.6s)
[petition] Page 577 → Found: ['premium_processing', 'beneficiary_industry']
[petition] Page 578 → sending...
[petition] Page 578 done (9.9s)
[petition] Page 578 → Found: ['premium_processing']
[petition] Page 579 → sending...
[petition] Page 579 done (8.1s)
[petition] Page 579 → Found: ['premium_processing', 'included_publications']
[petition] Page 580 → sending...
[petition] Page 580 done (7.8s)
[petition] Page 580 → Found: ['premium_processing']
[petition] Page 581 → sending...
[petition] Page 581 done (9.6s)
[petition] Page 581 → Found: ['premium_processing', 'employer_sponsored', 'self_petition']
[petition] Page 582 → sending...
[petition] Page 582 done (9.3s)
[petition] Page 582 → Found: ['premium_processing']
[petition] Page 583 → sending...
[petition] Page 583 done (9.2s)
[petition] Page 583 → Found: ['premium_processing']
[petition] Page 584 → sending...
[petition] Page 584 done (7.5s)
[petition] Page 584 → Found: ['premium_processing']
[petition] Page 585 → sending...
[petition] Page 585 done (7.6s)
[petition] Page 585 → Found: ['premium_processing']
[petition] Page 586 → sending...
[petition] Page 586 done (7.5s)
[petition] Page 586 → Found: ['premium_processing']
[petition] Page 587 → sending...
[petition] Page 587 done (7.5s)
[petition] Page 587 → Found: ['premium_processing', 'employer_sponsored', 'self_petition']
[petition] Page 588 → sending...
[petition] Page 588 done (7.5s)
[petition] Page 588 → Found: ['premium_processing']
[petition] Page 589 → sending...
[petition] Page 589 done (7.6s)
[petition] Page 589 → Found: ['premium_processing']
[petition] Page 590 → sending...
[petition] Page 590 done (7.5s)
[petition] Page 590 → Found: ['premium_processing']
[petition] Page 591 → sending...
[petition] Page 591 done (8.0s)
[petition] Page 591 → Found: ['premium_processing']
[petition] Page 592 → sending...
[petition] Page 592 done (7.8s)
[petition] Page 592 → Found: ['premium_processing', 'employer_sponsored', 'self_petition', 'beneficiary_industry']
[petition] Page 593 → sending...
[petition] Page 593 done (7.6s)
[petition] Page 593 → Found: ['premium_processing']
[petition] Page 594 → sending...
[petition] Page 594 done (7.6s)
[petition] Page 594 → Found: ['premium_processing']
[petition] Page 595 → sending...
[petition] Page 595 done (7.4s)
[petition] Page 595 → Found: ['premium_processing']
[petition] Page 596 → sending...
[petition] Page 596 done (9.6s)
[petition] Page 596 → Found: ['premium_processing']
[petition] Page 597 → sending...
[petition] Page 597 done (8.0s)
[petition] Page 597 → Found: ['premium_processing', 'employer_sponsored', 'self_petition', 'included_publications', 'cell_cited']
[petition] Page 598 → sending...
[petition] Page 598 done (7.6s)
[petition] Page 598 → Found: ['premium_processing']
[petition] Page 599 → sending...
[petition] Page 599 done (7.3s)
[petition] Page 599 → Found: ['premium_processing']
[petition] Page 600 → sending...
[petition] Page 600 done (9.0s)
[petition] Page 600 → Found: ['premium_processing']
[petition] Page 601 → sending...
[petition] Page 601 done (9.6s)
[petition] Page 601 → Found: ['premium_processing']
[petition] Page 602 → sending...
[petition] Page 602 done (9.5s)
[petition] Page 602 → Found: ['premium_processing']
[petition] Page 603 → sending...
[petition] Page 603 done (9.8s)
[petition] Page 603 → Found: ['premium_processing']
[petition] Page 604 → sending...
[petition] Page 604 done (10.0s)
[petition] Page 604 → Found: ['premium_processing']
[petition] Page 605 → sending...
[petition] Page 605 done (7.9s)
[petition] Page 605 → Found: ['premium_processing']
[petition] Page 606 → sending...
[petition] Page 606 done (7.8s)
[petition] Page 606 → Found: ['premium_processing']
[petition] Page 607 → sending...
[petition] Page 607 done (7.6s)
[petition] Page 607 → Found: ['premium_processing']
[petition] Page 608 → sending...
[petition] Page 608 done (7.3s)
[petition] Page 608 → Found: ['premium_processing']
[petition] Page 609 → sending...
[petition] Page 609 done (7.6s)
[petition] Page 609 → Found: ['premium_processing']
[petition] Page 610 → sending...
[petition] Page 610 done (7.5s)
[petition] Page 610 → Found: ['premium_processing']
[petition] Page 611 → sending...
[petition] Page 611 done (7.6s)
[petition] Page 611 → Found: ['premium_processing', 'employer_sponsored', 'self_petition', 'included_publications']
[petition] Page 612 → sending...
[petition] Page 612 done (7.5s)
[petition] Page 612 → Found: ['premium_processing']
[petition] Page 613 → sending...
[petition] Page 613 done (7.7s)
[petition] Page 613 → Found: ['premium_processing']
[petition] Page 614 → sending...
[petition] Page 614 done (7.7s)
[petition] Page 614 → Found: ['premium_processing']
[petition] Page 615 → sending...
[petition] Page 615 done (7.8s)
[petition] Page 615 → Found: ['premium_processing', 'employer_sponsored', 'self_petition']
[petition] Page 616 → sending...
[petition] Page 616 done (7.5s)
[petition] Page 616 → No useful fields
[petition] Page 617 → sending...
[petition] Page 617 done (7.5s)
[petition] Page 617 → Found: ['premium_processing', 'employer_sponsored', 'self_petition']
[petition] Page 618 → sending...
[petition] Page 618 done (7.7s)
[petition] Page 618 → Found: ['premium_processing']
[petition] Page 619 → sending...
[petition] Page 619 done (7.5s)
[petition] Page 619 → Found: ['premium_processing']
[petition] Page 620 → sending...
[petition] Page 620 done (7.7s)
[petition] Page 620 → Found: ['premium_processing', 'employer_sponsored', 'self_petition']
[petition] Page 621 → sending...
[petition] Page 621 done (7.6s)
[petition] Page 621 → Found: ['premium_processing']
[petition] Page 622 → sending...
[petition] Page 622 done (7.5s)
[petition] Page 622 → Found: ['premium_processing']
[petition] Page 623 → sending...
[petition] Page 623 done (7.5s)
[petition] Page 623 → Found: ['premium_processing', 'employer_sponsored', 'self_petition', 'beneficiary_country_of_birth', 'beneficiary_industry']
[petition] Page 624 → sending...
[petition] Page 624 done (9.5s)
[petition] Page 624 → Found: ['premium_processing']
[petition] Page 625 → sending...
[petition] Page 625 done (7.3s)
[petition] Page 625 → Found: ['premium_processing']
[petition] Page 626 → sending...
[petition] Page 626 done (7.7s)
[petition] Page 626 → Found: ['premium_processing']
[petition] Page 627 → sending...
[petition] Page 627 done (7.1s)
[petition] Page 627 → No useful fields
[petition] Page 628 → sending...
[petition] Page 628 done (7.4s)
[petition] Page 628 → Found: ['premium_processing']
[petition] Page 629 → sending...
[petition] Page 629 done (7.8s)
[petition] Page 629 → No useful fields
[petition] Page 630 → sending...
[petition] Page 630 done (7.5s)
[petition] Page 630 → No useful fields
[petition] Page 631 → sending...
[petition] Page 631 done (7.5s)
[petition] Page 631 → Found: ['premium_processing']
[petition] Page 632 → sending...
[petition] Page 632 done (9.5s)
[petition] Page 632 → Found: ['premium_processing']
[petition] Page 633 → sending...
[petition] Page 633 done (7.5s)
[petition] Page 633 → Found: ['premium_processing']
[petition] Page 634 → sending...
[petition] Page 634 done (9.1s)
[petition] Page 634 → Found: ['premium_processing']
[petition] Page 635 → sending...
[petition] Page 635 done (7.3s)
[petition] Page 635 → Found: ['premium_processing']
[petition] Page 636 → sending...
[petition] Page 636 done (9.7s)
[petition] Page 636 → Found: ['premium_processing']
[petition] Page 637 → sending...
[petition] Page 637 done (9.7s)
[petition] Page 637 → Found: ['premium_processing']
[petition] Page 638 → sending...
[petition] Page 638 done (9.9s)
[petition] Page 638 → Found: ['premium_processing']
[petition] Page 639 → sending...
[petition] Page 639 done (9.9s)
[petition] Page 639 → Found: ['premium_processing']
[petition] Page 640 → sending...
[petition] Page 640 done (9.4s)
[petition] Page 640 → Found: ['premium_processing']
[petition] Page 641 → sending...
[petition] Page 641 done (9.5s)
[petition] Page 641 → Found: ['premium_processing']
[petition] Page 642 → sending...
[petition] Page 642 done (11.4s)
[petition] Page 642 → Found: ['premium_processing']
[petition] Page 643 → sending...
[petition] Page 643 done (9.6s)
[petition] Page 643 → Found: ['premium_processing']
[petition] Page 644 → sending...
[petition] Page 644 done (7.4s)
[petition] Page 644 → Found: ['premium_processing']
[petition] Page 645 → sending...
[petition] Page 645 done (10.0s)
[petition] Page 645 → Found: ['premium_processing']
[petition] Page 646 → sending...
[petition] Page 646 done (7.5s)
[petition] Page 646 → Found: ['premium_processing']
[petition] Page 647 → sending...
[petition] Page 647 done (9.5s)
[petition] Page 647 → Found: ['premium_processing']
[petition] Page 648 → sending...
[petition] Page 648 done (9.2s)
[petition] Page 648 → Found: ['premium_processing']
[petition] Page 649 → sending...
[petition] Page 649 done (7.5s)
[petition] Page 649 → Found: ['premium_processing']
[petition] Page 650 → sending...
[petition] Page 650 done (7.4s)
[petition] Page 650 → Found: ['premium_processing']
[petition] Page 651 → sending...
[petition] Page 651 done (10.1s)
[petition] Page 651 → Found: ['premium_processing']
[petition] Page 652 → sending...
[petition] Page 652 done (7.6s)
[petition] Page 652 → Found: ['premium_processing']
[petition] Page 653 → sending...
[petition] Page 653 done (9.6s)
[petition] Page 653 → Found: ['premium_processing']
[petition] Page 654 → sending...
[petition] Page 654 done (9.6s)
[petition] Page 654 → Found: ['premium_processing']
[petition] Page 655 → sending...
[petition] Page 655 done (7.9s)
[petition] Page 655 → Found: ['premium_processing']
[petition] Page 656 → sending...
[petition] Page 656 done (9.6s)
[petition] Page 656 → Found: ['premium_processing']
[petition] Page 657 → sending...
[petition] Page 657 done (7.7s)
[petition] Page 657 → Found: ['premium_processing', 'employer_sponsored', 'self_petition']
[petition] Page 658 → sending...
[petition] Page 658 done (7.7s)
[petition] Page 658 → Found: ['premium_processing']
[petition] Page 659 → sending...
[petition] Page 659 done (9.7s)
[petition] Page 659 → Found: ['premium_processing']
[petition] Page 660 → sending...
[petition] Page 660 done (9.7s)
[petition] Page 660 → Found: ['premium_processing']
[petition] Page 661 → sending...
[petition] Page 661 done (9.5s)
[petition] Page 661 → Found: ['premium_processing']
[petition] Page 662 → sending...
[petition] Page 662 done (7.6s)
[petition] Page 662 → Found: ['premium_processing']
[petition] Page 663 → sending...
[petition] Page 663 done (7.7s)
[petition] Page 663 → Found: ['premium_processing']
[petition] Page 664 → sending...
[petition] Page 664 done (18.2s)
[petition] Page 664 → Found: ['premium_processing', 'employer_sponsored', 'self_petition']
[petition] Page 665 → sending...
[petition] Page 665 done (10.0s)
[petition] Page 665 → Found: ['premium_processing']
[petition] Page 666 → sending...
[petition] Page 666 done (7.6s)
[petition] Page 666 → No useful fields
[petition] Page 667 → sending...
[petition] Page 667 done (9.3s)
[petition] Page 667 → Found: ['premium_processing']
[petition] Page 668 → sending...
[petition] Page 668 done (9.4s)
[petition] Page 668 → Found: ['premium_processing']
[petition] Page 669 → sending...
[petition] Page 669 done (9.7s)
[petition] Page 669 → Found: ['premium_processing']
[petition] Page 670 → sending...
[petition] Page 670 done (10.1s)
[petition] Page 670 → Found: ['premium_processing']
[petition] Page 671 → sending...
[petition] Page 671 done (9.7s)
[petition] Page 671 → Found: ['premium_processing']
[petition] Page 672 → sending...
[petition] Page 672 done (10.1s)
[petition] Page 672 → Found: ['premium_processing']
[petition] Page 673 → sending...
[petition] Page 673 done (10.0s)
[petition] Page 673 → Found: ['premium_processing']
[petition] Page 674 → sending...
[petition] Page 674 done (10.1s)
[petition] Page 674 → Found: ['premium_processing']
[petition] Page 675 → sending...
[petition] Page 675 done (7.8s)
[petition] Page 675 → Found: ['premium_processing']
[petition] Page 676 → sending...
[petition] Page 676 done (7.8s)
[petition] Page 676 → No useful fields
[petition] Page 677 → sending...
[petition] Page 677 done (9.7s)
[petition] Page 677 → Found: ['premium_processing']
[petition] Page 678 → sending...
[petition] Page 678 done (7.7s)
[petition] Page 678 → No useful fields
[petition] Page 679 → sending...
[petition] Page 679 done (8.1s)
[petition] Page 679 → Found: ['premium_processing', 'employer_sponsored', 'self_petition']
[petition] Page 680 → sending...
[petition] Page 680 done (9.6s)
[petition] Page 680 → Found: ['premium_processing']
[petition] Page 681 → sending...
[petition] Page 681 done (9.8s)
[petition] Page 681 → Found: ['premium_processing']
[petition] Page 682 → sending...
[petition] Page 682 done (9.8s)
[petition] Page 682 → Found: ['premium_processing']
[petition] Page 683 → sending...
[petition] Page 683 done (9.5s)
[petition] Page 683 → Found: ['premium_processing']
[petition] Page 684 → sending...
[petition] Page 684 done (7.9s)
[petition] Page 684 → Found: ['premium_processing']
[petition] Page 685 → sending...
[petition] Page 685 done (10.0s)
[petition] Page 685 → Found: ['premium_processing']
[petition] Page 686 → sending...
[petition] Page 686 done (10.3s)
[petition] Page 686 → Found: ['premium_processing']
[petition] Page 687 → sending...
[petition] Page 687 done (7.9s)
[petition] Page 687 → Found: ['premium_processing']
[petition] Page 688 → sending...
[petition] Page 688 done (7.5s)
[petition] Page 688 → Found: ['premium_processing']
[petition] Page 689 → sending...
[petition] Page 689 done (7.5s)
[petition] Page 689 → Found: ['premium_processing']
[petition] Page 690 → sending...
[petition] Page 690 done (7.6s)
[petition] Page 690 → Found: ['premium_processing']
[petition] Page 691 → sending...
[petition] Page 691 done (7.4s)
[petition] Page 691 → Found: ['premium_processing']
[petition] Page 692 → sending...
[petition] Page 692 done (9.8s)
[petition] Page 692 → Found: ['premium_processing']
[petition] Page 693 → sending...
[petition] Page 693 done (7.4s)
[petition] Page 693 → Found: ['premium_processing']
[petition] Page 694 → sending...
[petition] Page 694 done (9.6s)
[petition] Page 694 → Found: ['premium_processing']
[petition] Page 695 → sending...
[petition] Page 695 done (10.3s)
[petition] Page 695 → Found: ['premium_processing']
[petition] Page 696 → sending...
[petition] Page 696 done (7.9s)
[petition] Page 696 → Found: ['premium_processing']
[petition] Page 697 → sending...
[petition] Page 697 done (7.9s)
[petition] Page 697 → Found: ['premium_processing']
[petition] Page 698 → sending...
[petition] Page 698 done (10.2s)
[petition] Page 698 → Found: ['premium_processing']
[petition] Page 699 → sending...
[petition] Page 699 done (9.6s)
[petition] Page 699 → Found: ['premium_processing']
[petition] Page 700 → sending...
[petition] Page 700 done (9.6s)
[petition] Page 700 → Found: ['premium_processing', 'employer_sponsored', 'self_petition', 'rfe_issued', 'noid_issued', 'included_publications', 'cell_cited']
[petition] Page 701 → sending...
[petition] Page 701 done (9.5s)
[petition] Page 701 → Found: ['premium_processing', 'rfe_issued', 'noid_issued']
[petition] Page 702 → sending...
[petition] Page 702 done (9.3s)
[petition] Page 702 → Found: ['premium_processing']
[petition] Page 703 → sending...
[petition] Page 703 done (9.4s)
[petition] Page 703 → Found: ['premium_processing']
[petition] Page 704 → sending...
[petition] Page 704 done (7.4s)
[petition] Page 704 → Found: ['premium_processing']
[petition] Page 705 → sending...
[petition] Page 705 done (7.5s)
[petition] Page 705 → Found: ['premium_processing']
[petition] Page 706 → sending...
[petition] Page 706 done (9.6s)
[petition] Page 706 → Found: ['premium_processing']
[petition] Page 707 → sending...
[petition] Page 707 done (7.5s)
[petition] Page 707 → Found: ['premium_processing']
[petition] Page 708 → sending...
[petition] Page 708 done (7.6s)
[petition] Page 708 → Found: ['premium_processing']
[petition] Page 709 → sending...
[petition] Page 709 done (7.6s)
[petition] Page 709 → Found: ['premium_processing']
[petition] Page 710 → sending...
[petition] Page 710 done (7.5s)
[petition] Page 710 → No useful fields
[petition] Page 711 → sending...
[petition] Page 711 done (7.5s)
[petition] Page 711 → Found: ['premium_processing']
[petition] Page 712 → sending...
[petition] Page 712 done (7.5s)
[petition] Page 712 → Found: ['premium_processing']
[petition] Page 713 → sending...
[petition] Page 713 done (10.0s)
[petition] Page 713 → Found: ['premium_processing', 'employer_sponsored', 'self_petition']
[petition] Page 714 → sending...
[petition] Page 714 done (7.4s)
[petition] Page 714 → Found: ['premium_processing']
[petition] Page 715 → sending...
[petition] Page 715 done (7.5s)
[petition] Page 715 → Found: ['premium_processing']
[petition] Page 716 → sending...
[petition] Page 716 done (7.8s)
[petition] Page 716 → Found: ['premium_processing']
[petition] Page 717 → sending...
[petition] Page 717 done (7.5s)
[petition] Page 717 → Found: ['premium_processing']
[petition] Page 718 → sending...
[petition] Page 718 done (7.4s)
[petition] Page 718 → Found: ['premium_processing']
[petition] Page 719 → sending...
[petition] Page 719 done (9.7s)
[petition] Page 719 → Found: ['premium_processing', 'employer_sponsored', 'self_petition']
[petition] Page 720 → sending...
[petition] Page 720 done (7.3s)
[petition] Page 720 → Found: ['premium_processing']
[petition] Page 721 → sending...
[petition] Page 721 done (7.5s)
[petition] Page 721 → Found: ['premium_processing']
[petition] Page 722 → sending...
[petition] Page 722 done (7.6s)
[petition] Page 722 → Found: ['premium_processing']
[petition] Page 723 → sending...
[petition] Page 723 done (9.3s)
[petition] Page 723 → Found: ['premium_processing']

PETITION_2 RESULT:
{
  "petition_type": "O-1A",
  "service_center_or_field_office": "USCIS California Service Center",
  "premium_processing": "Y",
  "employer_sponsored": true,
  "self_petition": false,
  "beneficiary_industry": "Tech | Academic",
  "endeavor_field": "Tech | Academic",
  "rfe_issued": false,
  "noid_issued": false,
  "beneficiary_country_of_birth": "India",
  "beneficiary_country_of_citizenship": "India",
  "included_publications": false,
  "decision_date": "2022-05-16",
  "final_outcome": "Denied",
  "denial_basis": "WAC2211050544",
  "noid_basis": "No - copy of request attached",
  "filing_date": "2023-08-29",
  "publications_included": true,
  "basis_for_application": [
    "Talent Mobility (Education and Technology)"
  ],
  "criteria_claimed_count": 1,
  "major_award_claimed": "Y",
  "publication_type": "Major Trade Publications or Major Media",
  "judging_others_work_claimed": "Y",
  "evidence_of_positioning_present": true,
  "high_salary_claimed": true,
  "final_merits_determination": "Pass",
  "cell_cited": false,
  "dhanasar_prong_focus": "Prong 1"
}

=== PROCESSING RFE ===
[rfe] Page 1 → sending...
[rfe] Page 1 done (7.1s)
[rfe] Page 1 → Found: ['rfe_issued', 'rfe_date', 'rfe_response_deadline', 'rfe_criteria_challenged', 'officer_number', 'service_center_or_field_office']
[rfe] Page 2 → sending...
[rfe] Page 2 done (5.9s)
[rfe] Page 2 → Found: ['rfe_issued', 'rfe_basis', 'rfe_criteria_challenged', 'petition_type', 'filing_date']
[rfe] Page 3 → sending...
[rfe] Page 3 done (5.6s)
[rfe] Page 3 → Found: ['rfe_issued', 'rfe_criteria_challenged', 'officer_number']
[rfe] Page 4 → sending...
[rfe] Page 4 done (5.3s)
[rfe] Page 4 → Found: ['rfe_issued', 'rfe_basis', 'rfe_criteria_challenged']
[rfe] Page 5 → sending...
[rfe] Page 5 done (5.6s)
[rfe] Page 5 → Found: ['rfe_issued', 'rfe_basis', 'rfe_criteria_challenged']
[rfe] Page 6 → sending...
[rfe] Page 6 done (6.1s)
[rfe] Page 6 → Found: ['rfe_issued', 'rfe_basis', 'rfe_criteria_challenged', 'officer_number', 'publications_included', 'endeavor_field']
[rfe] Page 7 → sending...
[rfe] Page 7 done (5.9s)
[rfe] Page 7 → Found: ['rfe_issued', 'rfe_basis', 'rfe_criteria_challenged', 'officer_number']
[rfe] Page 8 → sending...
[rfe] Page 8 done (5.9s)
[rfe] Page 8 → Found: ['rfe_issued', 'rfe_basis', 'rfe_criteria_challenged', 'officer_number']
[rfe] Page 9 → sending...
[rfe] Page 9 done (6.0s)
[rfe] Page 9 → Found: ['rfe_issued', 'rfe_basis', 'rfe_criteria_challenged', 'officer_number', 'high_salary_claimed']
[rfe] Page 10 → sending...
[rfe] Page 10 done (5.8s)
[rfe] Page 10 → Found: ['rfe_issued', 'rfe_criteria_challenged', 'officer_number', 'service_center_or_field_office']
[rfe] Page 11 → sending...
[rfe] Page 11 done (6.6s)
[rfe] Page 11 → Found: ['rfe_issued', 'rfe_date', 'rfe_response_deadline', 'rfe_criteria_challenged', 'service_center_or_field_office', 'petition_type']
[rfe] Page 12 → sending...
[rfe] Page 12 done (6.0s)
[rfe] Page 12 → Found: ['rfe_issued', 'rfe_date', 'rfe_basis', 'rfe_criteria_challenged', 'petition_type', 'filing_date']
[rfe] Page 13 → sending...
[rfe] Page 13 done (5.2s)
[rfe] Page 13 → Found: ['rfe_issued', 'rfe_basis', 'rfe_criteria_challenged']
[rfe] Page 14 → sending...
[rfe] Page 14 done (5.9s)
[rfe] Page 14 → Found: ['rfe_issued', 'rfe_basis', 'rfe_criteria_challenged', 'officer_number']
[rfe] Page 15 → sending...
[rfe] Page 15 done (5.6s)
[rfe] Page 15 → Found: ['rfe_issued', 'rfe_basis', 'rfe_criteria_challenged']
[rfe] Page 16 → sending...
[rfe] Page 16 done (6.2s)
[rfe] Page 16 → Found: ['rfe_issued', 'rfe_basis', 'rfe_criteria_challenged', 'officer_number', 'endeavor_field']
[rfe] Page 17 → sending...
[rfe] Page 17 done (5.4s)
[rfe] Page 17 → Found: ['rfe_issued', 'rfe_basis', 'rfe_criteria_challenged']
[rfe] Page 18 → sending...
[rfe] Page 18 done (5.3s)
[rfe] Page 18 → Found: ['rfe_issued', 'rfe_basis', 'rfe_criteria_challenged']
[rfe] Page 19 → sending...
[rfe] Page 19 done (5.3s)
[rfe] Page 19 → Found: ['rfe_issued', 'rfe_basis', 'rfe_criteria_challenged']
[rfe] Page 20 → sending...
[rfe] Page 20 done (5.2s)
[rfe] Page 20 → Found: ['rfe_issued', 'rfe_criteria_challenged', 'service_center_or_field_office']

RFE RESULT:
{
  "rfe_issued": true,
  "rfe_date": "2022-02-01",
  "rfe_response_deadline": "2022-04-29",
  "rfe_criteria_challenged": [],
  "officer_number": "CSCI129CSCI12000020316612",
  "service_center_or_field_office": "California Service Center, Laguna Niguel, CA 92677-0590",
  "rfe_basis": "Evidence insufficient",
  "petition_type": "O-1B Extraordinary Ability in the Arts",
  "filing_date": "2022-01-20",
  "publications_included": "Y",
  "endeavor_field": "Arts",
  "high_salary_claimed": "N"
}

=== PROCESSING DECISION ===
[decision] Page 1 → sending...
[decision] Page 1 done (8.4s)
[decision] Page 1 → Found: ['decision_date', 'final_outcome', 'rfe_issued', 'noid_issued', 'rfe_basis', 'denial_basis', 'discretion_applied', 'outcome_after_rfe', 'petition_type', 'filing_date', 'service_center_or_field_office']
[decision] Page 2 → sending...
[decision] Page 2 done (7.2s)
[decision] Page 2 → Found: ['rfe_issued', 'noid_issued', 'discretion_applied']
[decision] Page 3 → sending...
[decision] Page 3 done (7.4s)
[decision] Page 3 → Found: ['rfe_issued', 'noid_issued', 'rfe_basis', 'discretion_applied']
[decision] Page 4 → sending...
[decision] Page 4 done (9.0s)
[decision] Page 4 → Found: ['rfe_issued', 'noid_issued', 'rfe_basis', 'discretion_applied']
[decision] Page 5 → sending...
[decision] Page 5 done (7.5s)
[decision] Page 5 → Found: ['rfe_issued', 'noid_issued', 'rfe_basis', 'discretion_applied']
[decision] Page 6 → sending...
[decision] Page 6 done (7.4s)
[decision] Page 6 → Found: ['rfe_issued', 'noid_issued', 'rfe_basis', 'discretion_applied']
[decision] Page 7 → sending...
[decision] Page 7 done (7.5s)
[decision] Page 7 → Found: ['rfe_issued', 'noid_issued', 'rfe_basis', 'discretion_applied']
[decision] Page 8 → sending...
[decision] Page 8 done (7.5s)
[decision] Page 8 → Found: ['final_outcome', 'rfe_issued', 'noid_issued', 'rfe_basis', 'denial_basis', 'discretion_applied']
[decision] Page 9 → sending...
[decision] Page 9 done (7.3s)
[decision] Page 9 → Found: ['rfe_issued', 'noid_issued', 'rfe_basis', 'discretion_applied']
[decision] Page 10 → sending...
[decision] Page 10 done (7.5s)
[decision] Page 10 → Found: ['final_outcome', 'rfe_issued', 'noid_issued', 'denial_basis', 'discretion_applied', 'major_award_claimed', 'publications_included', 'high_salary_claimed', 'endeavor_field']
[decision] Page 11 → sending...
[decision] Page 11 done (7.1s)
[decision] Page 11 → Found: ['rfe_issued', 'noid_issued', 'discretion_applied', 'service_center_or_field_office']
[decision] Page 12 → sending...
[decision] Page 12 done (8.1s)
[decision] Page 12 → Found: ['decision_date', 'final_outcome', 'rfe_issued', 'noid_issued', 'denial_basis', 'discretion_applied', 'petition_type', 'filing_date', 'service_center_or_field_office', 'beneficiary_country_of_citizenship']

DECISION RESULT:
{
  "decision_date": "2022-05-16",
  "final_outcome": "Denied",
  "rfe_issued": true,
  "noid_issued": false,
  "rfe_basis": "Evidence insufficient",
  "denial_basis": "Evidence insufficient",
  "discretion_applied": false,
  "outcome_after_rfe": "denied",
  "petition_type": "O-1A",
  "filing_date": "2022-01-20",
  "service_center_or_field_office": "California Service Center",
  "major_award_claimed": "N",
  "publications_included": "Y",
  "high_salary_claimed": "N",
  "endeavor_field": "Other",
  "beneficiary_country_of_citizenship": "India"
}

=== FINAL MERGED RESULT ===
{
  "petition_type": "EB-2 NIW",
  "service_center_or_field_office": "Tempe, AZ",
  "premium_processing": "Y",
  "employer_sponsored": false,
  "self_petition": true,
  "beneficiary_industry": "Tech",
  "eb2_basis": "Advanced Degree",
  "endeavor_field": "Tech",
  "national_importance_framing": "Economic",
  "dhanasar_prong_focus": "Prong 1",
  "evidence_of_positioning_present": true,
  "included_publications": true,
  "publication_type": "Books",
  "publications_included": true,
  "judging_others_work_claimed": true,
  "beneficiary_country_of_birth": "India",
  "beneficiary_country_of_citizenship": "India",
  "rfe_issued": false,
  "noid_issued": false,
  "cell_cited": false,
  "criteria_claimed_count": 1,
  "high_salary_claimed": "Y",
  "filing_date": "2023-08-17",
  "decision_date": "2022-05-16",
  "final_outcome": "Denied",
  "denial_basis": "WAC2211050544",
  "noid_basis": "No - copy of request attached",
  "basis_for_application": [
    "Talent Mobility (Education and Technology)"
  ],
  "major_award_claimed": "Y",
  "final_merits_determination": "Pass",
  "rfe_date": "2022-02-01",
  "rfe_response_deadline": "2022-04-29",
  "rfe_criteria_challenged": [],
  "officer_number": "CSCI129CSCI12000020316612",
  "rfe_basis": "Evidence insufficient",
  "discretion_applied": false,
  "outcome_after_rfe": "denied"
}

Saving to Firestore...
Saved → Firestore (run_id=20260420_130948)

[aggregate] Transforming 2 app(s) → aggregated_cases...
  ✓ aggregated_cases/application-001_20260420_130948
  ✓ aggregated_cases/application-002_20260420_130948
[aggregate] Transform done.

[aggregate] Reading aggregated_cases for run 20260420_130948...
  Found 2 doc(s)
  Pre-computing 54 filter combination(s)...
